break_type,break_nature,break_apparent_cause,break_categorization,asset_size,asset_material,num_breaks,age_at_break,positive_pressure_maintaned,air_gap_maintaned,mechanical_removal,flushing_excavation,higher_velocity_flushing,anode_installed,asset_exists,failure_rate
0,1,0,1,450.0,1,1,80,0,0,0,0,1,1,1,0.0125
1,4,4,0,13.0,8,1,36,1,1,1,1,1,1,1,0.0278
1,4,4,0,25.0,8,1,39,1,1,1,1,1,1,1,0.0256
1,4,4,0,25.0,6,1,42,1,1,1,1,1,1,1,0.0238
1,4,4,0,25.0,8,1,33,1,1,1,1,1,1,1,0.0303
1,4,4,0,25.0,8,1,24,1,1,1,1,1,1,1,0.0417
1,4,4,0,150.0,8,1,30,1,1,1,1,1,1,1,0.0333
1,4,4,0,150.0,8,1,31,1,1,1,1,1,1,1,0.0323
1,4,4,0,50.0,8,1,29,1,1,1,1,1,1,1,0.0345
1,4,4,0,13.0,8,1,24,1,1,1,1,1,1,1,0.0417
1,4,4,0,25.0,8,1,3,1,1,1,1,1,1,1,0.3333
1,4,4,0,50.0,8,1,16,1,1,1,1,1,1,1,0.0625
1,1,1,0,150.0,6,1,8,1,1,1,1,1,1,1,0.125
1,4,4,0,25.0,8,1,12,1,1,1,1,1,1,1,0.0833
0,4,4,0,200.0,4,1,33,1,1,1,1,1,1,1,0.0303
0,4,4,0,150.0,1,9,63,1,1,1,1,1,1,1,0.1429
0,4,4,0,150.0,1,6,32,1,1,1,1,1,1,1,0.1875
0,4,4,0,300.0,1,4,43,1,1,1,1,1,1,1,0.093
0,4,4,0,300.0,1,1,45,1,1,1,1,1,1,1,0.0222
0,4,4,0,150.0,1,11,45,1,1,1,1,1,1,1,0.2444
0,4,4,0,100.0,1,1,41,1,1,1,1,1,1,1,0.0244
0,4,4,0,300.0,4,2,30,1,1,1,1,1,1,1,0.0667
0,4,4,0,300.0,4,1,33,1,1,1,1,1,1,1,0.0303
0,4,4,0,150.0,1,3,46,1,1,1,1,1,1,1,0.0652
0,4,4,0,150.0,1,3,32,1,1,1,1,1,1,1,0.0938
0,4,4,0,150.0,1,5,30,1,1,1,1,1,1,1,0.1667
0,4,4,0,150.0,1,1,56,1,1,1,1,1,1,1,0.0179
0,4,4,0,150.0,1,3,43,1,1,1,1,1,1,1,0.0698
0,4,4,0,150.0,1,5,34,1,1,1,1,1,1,1,0.1471
0,4,4,0,150.0,4,1,27,1,1,1,1,1,1,1,0.037
0,0,1,0,150.0,1,1,64,1,1,1,1,1,1,1,0.0156
0,0,0,0,150.0,1,4,55,1,1,1,1,1,1,1,0.0727
0,1,0,0,150.0,4,4,47,1,1,1,1,1,1,1,0.0851
0,0,0,0,150.0,1,4,59,1,1,1,1,1,1,1,0.0678
0,0,1,0,150.0,1,2,59,1,1,1,1,1,1,1,0.0339
0,0,1,0,150.0,1,2,54,1,1,1,1,1,1,1,0.037
0,0,0,0,150.0,1,5,47,1,1,1,1,1,1,1,0.1064
0,2,2,0,150.0,1,7,46,1,1,1,1,1,1,1,0.1522
0,0,0,0,150.0,1,3,55,1,1,1,1,1,1,1,0.0545
0,0,6,0,150.0,4,3,51,1,1,1,1,1,1,1,0.0588
0,0,4,0,150.0,1,1,62,1,1,1,1,1,1,1,0.0161
0,0,4,0,300.0,1,2,84,1,1,1,1,1,1,1,0.0238
0,0,0,0,150.0,1,4,56,1,1,1,1,1,1,1,0.0714
0,0,2,0,150.0,1,4,53,1,1,1,1,1,1,1,0.0755
0,0,0,0,150.0,1,4,53,1,1,1,1,1,1,1,0.0755
0,0,0,0,150.0,1,4,66,1,1,1,1,1,1,1,0.0606
0,0,0,0,150.0,1,2,47,1,1,1,1,1,1,1,0.0426
0,1,2,0,150.0,1,2,47,1,1,1,1,1,1,1,0.0426
0,0,1,0,150.0,1,1,49,1,1,1,1,1,1,1,0.0204
0,0,0,0,150.0,1,6,54,1,1,1,1,1,1,1,0.1111
0,0,1,0,150.0,1,1,66,1,1,1,1,1,1,1,0.0152
0,2,2,0,300.0,4,2,25,1,1,1,1,1,0,1,0.08
0,0,0,0,150.0,1,6,49,1,1,1,1,1,1,1,0.1224
0,0,2,0,300.0,4,2,25,1,1,1,1,1,1,1,0.08
0,0,1,0,150.0,1,7,46,1,1,1,1,1,1,1,0.1522
0,4,4,0,300.0,1,1,47,1,1,1,1,1,1,1,0.0213
0,4,4,0,150.0,1,12,53,1,1,1,1,1,1,1,0.2264
0,4,4,0,300.0,4,3,38,1,1,1,1,1,1,1,0.0789
0,4,4,0,150.0,1,4,51,1,1,1,1,1,1,1,0.0784
0,4,4,0,150.0,1,3,47,1,1,1,1,1,1,1,0.0638
0,4,4,0,150.0,1,7,35,1,1,1,1,1,1,1,0.2
0,4,4,0,100.0,4,1,43,1,1,1,1,1,1,1,0.0233
0,4,4,0,150.0,1,5,36,1,1,1,1,1,1,1,0.1389
0,4,4,0,150.0,1,9,59,1,1,1,1,1,1,1,0.1525
0,4,4,0,150.0,1,4,32,1,1,1,1,1,1,1,0.125
0,4,4,0,150.0,1,1,42,1,1,1,1,1,1,1,0.0238
0,4,4,0,150.0,4,1,35,1,1,1,1,1,1,1,0.0286
0,4,4,0,150.0,1,3,43,1,1,1,1,1,1,1,0.0698
0,4,4,0,600.0,3,1,40,1,1,1,1,1,1,1,0.025
0,4,4,0,150.0,4,2,29,1,1,1,1,1,1,1,0.069
0,4,4,0,100.0,4,3,32,1,1,1,1,1,1,1,0.0938
0,4,4,0,200.0,1,2,45,1,1,1,1,1,1,1,0.0444
0,4,4,0,150.0,1,3,40,1,1,1,1,1,1,1,0.075
0,4,4,0,150.0,4,2,33,1,1,1,1,1,1,1,0.0606
0,4,4,0,150.0,4,1,35,1,1,1,1,1,1,1,0.0286
0,4,4,0,150.0,4,2,37,1,1,1,1,1,1,1,0.0541
0,4,4,0,150.0,1,2,39,1,1,1,1,1,1,1,0.0513
0,4,4,0,150.0,1,1,42,1,1,1,1,1,1,1,0.0238
0,4,4,0,450.0,1,1,48,1,1,1,1,1,1,1,0.0208
0,4,4,0,300.0,4,3,33,1,1,1,1,1,1,1,0.0909
0,4,4,0,150.0,1,2,42,1,1,1,1,1,1,1,0.0476
0,4,4,0,150.0,4,3,40,1,1,1,1,1,1,1,0.075
0,4,4,0,150.0,1,2,51,1,1,1,1,1,1,1,0.0392
0,4,4,0,150.0,1,1,55,1,1,1,1,1,1,1,0.0182
0,4,4,0,150.0,1,4,40,1,1,1,1,1,1,1,0.1
0,4,4,0,150.0,1,4,41,1,1,1,1,1,1,1,0.0976
0,4,4,0,150.0,1,4,40,1,1,1,1,1,1,1,0.1
0,4,4,0,150.0,4,4,34,1,1,1,1,1,1,1,0.1176
0,4,4,0,200.0,4,2,26,1,1,1,1,1,1,1,0.0769
0,4,4,0,200.0,1,2,55,1,1,1,1,1,1,1,0.0364
0,4,4,0,150.0,1,4,70,1,1,1,1,1,1,1,0.0571
0,0,1,0,200.0,4,1,21,1,1,1,1,1,1,1,0.0476
0,0,5,0,150.0,1,5,56,1,1,1,1,1,1,1,0.0893
0,0,6,0,150.0,1,1,93,1,1,1,1,1,1,1,0.0108
0,0,1,0,150.0,1,4,55,1,1,1,1,1,1,1,0.0727
0,0,1,0,150.0,1,3,53,1,1,1,1,1,1,1,0.0566
0,0,1,0,150.0,1,7,47,1,1,1,1,1,1,1,0.1489
0,0,1,0,300.0,1,1,54,1,1,1,1,1,1,1,0.0185
0,0,1,0,150.0,1,6,47,1,1,1,1,1,1,1,0.1277
0,0,1,0,200.0,4,6,47,1,1,1,1,1,1,1,0.1277
0,0,1,0,150.0,1,4,54,1,1,1,1,1,1,1,0.0741
0,0,1,0,150.0,4,4,51,1,1,1,1,1,1,1,0.0784
0,0,4,0,150.0,1,1,58,1,1,1,1,1,1,1,0.0172
0,1,1,0,150.0,4,1,44,1,1,1,1,1,1,1,0.0227
0,0,2,0,150.0,1,4,47,1,1,1,1,1,1,1,0.0851
0,4,4,0,450.0,6,1,5,1,1,1,1,1,1,1,0.2
0,4,4,0,200.0,4,4,25,1,1,1,1,1,1,1,0.16
0,4,4,0,150.0,1,7,45,1,1,1,1,1,1,1,0.1556
0,4,4,0,200.0,1,6,40,1,1,1,1,1,1,1,0.15
0,4,4,0,150.0,6,9,28,1,1,1,1,1,1,1,0.3214
0,4,4,0,150.0,1,10,38,1,1,1,1,1,1,1,0.2632
0,4,4,0,150.0,1,4,39,1,1,1,1,1,1,1,0.1026
0,4,4,0,300.0,1,2,67,1,1,1,1,1,1,1,0.0299
0,4,4,0,450.0,1,6,65,1,1,1,1,1,1,1,0.0923
0,4,4,0,300.0,1,4,63,1,1,1,1,1,1,1,0.0635
0,4,4,0,450.0,1,2,44,1,1,1,1,1,1,1,0.0455
0,4,4,0,150.0,1,5,36,1,1,1,1,1,1,1,0.1389
0,4,4,0,150.0,1,1,35,1,1,1,1,1,1,1,0.0286
0,4,4,0,300.0,1,4,49,1,1,1,1,1,1,1,0.0816
0,4,4,0,150.0,1,1,54,1,1,1,1,1,1,1,0.0185
0,4,4,0,300.0,4,1,29,1,1,1,1,1,1,1,0.0345
0,4,4,0,200.0,4,1,39,1,1,1,1,1,1,1,0.0256
0,1,4,0,150.0,1,4,40,1,1,1,1,1,1,1,0.1
0,0,1,0,150.0,1,6,43,1,1,1,1,1,1,1,0.1395
0,0,6,0,150.0,1,7,48,1,1,1,1,1,1,1,0.1458
0,4,4,0,150.0,1,3,54,1,1,1,1,1,1,1,0.0556
0,0,0,0,150.0,1,5,48,1,1,1,1,1,1,1,0.1042
0,2,1,0,300.0,1,2,72,1,1,1,1,1,1,1,0.0278
0,1,1,0,150.0,4,2,36,1,1,1,1,1,1,1,0.0556
0,0,1,0,150.0,1,6,45,1,1,1,1,1,1,1,0.1333
0,0,0,0,150.0,1,3,44,1,1,1,1,1,1,1,0.0682
0,4,4,0,200.0,4,1,38,1,1,1,1,1,1,1,0.0263
0,0,0,0,150.0,4,2,44,1,1,1,1,1,1,1,0.0455
0,0,0,0,150.0,1,2,46,1,1,1,1,1,1,1,0.0435
0,2,3,0,300.0,5,1,8,1,1,1,1,1,1,1,0.125
0,0,2,0,150.0,1,12,51,1,1,1,1,1,1,1,0.2353
0,1,1,0,200.0,4,3,42,1,1,1,1,1,1,1,0.0714
0,0,0,0,150.0,1,6,51,1,1,1,1,1,1,1,0.1176
0,1,2,0,300.0,4,1,32,1,1,1,1,1,1,1,0.0312
0,1,0,0,150.0,4,1,45,1,1,1,1,1,1,1,0.0222
0,0,0,0,150.0,1,10,49,1,1,1,1,1,1,1,0.2041
0,4,4,0,200.0,4,2,41,1,1,1,1,1,1,1,0.0488
0,4,4,0,150.0,1,1,46,1,1,1,1,1,1,1,0.0217
0,4,4,0,150.0,1,4,40,1,1,1,1,1,1,1,0.1
0,4,4,0,150.0,1,3,36,1,1,1,1,1,1,1,0.0833
0,4,4,0,200.0,1,1,50,1,1,1,1,1,1,1,0.02
0,4,4,0,150.0,1,9,43,1,1,1,1,1,1,1,0.2093
0,4,4,0,150.0,1,2,40,1,1,1,1,1,1,1,0.05
0,4,4,0,150.0,1,9,45,1,1,1,1,1,1,1,0.2
0,4,2,0,150.0,1,2,57,1,1,1,1,1,1,1,0.0351
0,4,4,0,300.0,4,5,41,1,1,1,1,1,1,1,0.122
0,4,4,0,150.0,1,5,46,1,1,1,1,1,1,1,0.1087
0,4,4,0,150.0,1,1,46,1,1,1,1,1,1,1,0.0217
0,4,4,0,200.0,1,3,43,1,1,1,1,1,1,1,0.0698
0,4,4,0,300.0,4,1,19,1,1,1,1,1,1,1,0.0526
0,4,4,0,150.0,1,2,39,1,1,1,1,1,1,1,0.0513
0,4,4,0,150.0,1,7,33,1,1,1,1,1,1,1,0.2121
0,4,4,0,150.0,4,2,27,1,1,1,1,1,1,1,0.0741
0,4,4,0,150.0,1,2,48,1,1,1,1,1,1,1,0.0417
0,4,4,0,200.0,1,1,52,1,1,1,1,1,1,1,0.0192
0,4,4,0,150.0,4,6,34,1,1,1,1,1,1,1,0.1765
0,4,4,0,150.0,1,5,44,1,1,1,1,1,1,1,0.1136
0,4,4,0,150.0,1,6,42,1,1,1,1,1,1,1,0.1429
0,4,4,0,150.0,4,2,26,1,1,1,1,1,1,1,0.0769
0,4,4,0,150.0,1,5,54,1,1,1,1,1,1,1,0.0926
0,4,4,0,300.0,4,3,31,1,1,1,1,1,1,1,0.0968
0,4,4,0,200.0,1,2,39,1,1,1,1,1,1,1,0.0513
0,4,4,0,300.0,4,3,34,1,1,1,1,1,1,1,0.0882
0,4,4,0,150.0,1,4,36,1,1,1,1,1,1,1,0.1111
0,4,4,0,150.0,6,9,30,1,1,1,1,1,1,1,0.3
0,4,4,0,150.0,1,9,40,1,1,1,1,1,1,1,0.225
0,4,4,0,150.0,1,3,42,1,1,1,1,1,1,1,0.0714
0,4,4,0,150.0,1,1,32,1,1,1,1,1,1,1,0.0312
0,4,4,0,150.0,4,3,41,1,1,1,1,1,1,1,0.0732
0,4,4,0,150.0,4,2,23,1,1,1,1,1,1,1,0.087
0,4,4,0,150.0,1,5,58,1,1,1,1,1,1,1,0.0862
0,4,4,0,150.0,1,1,39,1,1,1,1,1,1,1,0.0256
0,4,4,0,150.0,1,4,51,1,1,1,1,1,1,1,0.0784
0,4,4,0,200.0,4,1,30,1,1,1,1,1,1,1,0.0333
0,4,4,0,200.0,4,6,36,1,1,1,1,1,1,1,0.1667
0,4,4,0,200.0,1,2,39,1,1,1,1,1,1,1,0.0513
0,4,4,0,150.0,4,2,20,1,1,1,1,1,1,1,0.1
0,4,4,0,150.0,1,2,27,1,1,1,1,1,1,1,0.0741
0,4,4,0,150.0,4,2,32,1,1,1,1,1,1,1,0.0625
0,4,4,0,150.0,1,7,33,1,1,1,1,1,1,1,0.2121
0,4,4,0,200.0,1,3,35,1,1,1,1,1,1,1,0.0857
0,1,0,0,100.0,1,1,58,1,1,1,1,1,1,1,0.0172
0,4,4,0,150.0,1,7,49,1,1,1,1,1,1,1,0.1429
0,0,0,0,150.0,1,4,33,1,1,1,1,1,1,1,0.1212
0,0,4,0,200.0,1,2,53,1,1,1,1,1,1,1,0.0377
0,0,1,0,150.0,1,5,48,1,1,1,1,1,1,1,0.1042
0,0,0,0,150.0,1,2,47,1,1,1,1,1,1,1,0.0426
0,1,4,0,300.0,4,3,45,1,1,1,1,1,1,1,0.0667
0,0,4,0,300.0,4,1,39,1,1,1,1,1,1,1,0.0256
0,0,1,0,150.0,1,5,55,1,1,1,1,1,1,1,0.0909
0,0,4,0,150.0,1,3,49,1,1,1,1,1,1,1,0.0612
0,1,6,0,200.0,4,2,33,1,1,1,1,1,1,1,0.0606
0,1,6,0,300.0,4,1,38,1,1,1,1,1,0,1,0.0263
0,0,1,0,450.0,4,1,34,1,1,1,1,1,1,1,0.0294
0,0,6,0,200.0,1,7,51,1,1,1,1,1,1,1,0.1373
0,1,1,0,450.0,4,1,34,1,1,1,1,1,1,1,0.0294
0,0,2,0,150.0,1,3,50,1,1,1,1,1,1,1,0.06
0,0,6,0,150.0,4,1,47,1,1,1,1,1,1,1,0.0213
0,0,1,0,150.0,4,1,47,1,1,1,1,1,1,1,0.0213
0,0,1,0,150.0,1,4,46,1,1,1,1,1,1,1,0.087
0,0,1,0,150.0,1,3,53,1,1,1,1,1,1,1,0.0566
0,0,1,0,150.0,1,7,47,1,1,1,1,1,1,1,0.1489
0,4,4,0,150.0,1,4,38,1,1,1,1,1,1,1,0.1053
0,4,4,0,300.0,4,3,35,1,1,1,1,1,1,1,0.0857
0,4,4,0,200.0,1,6,42,1,1,1,1,1,1,1,0.1429
0,4,4,0,150.0,4,2,36,1,1,1,1,1,1,1,0.0556
0,4,4,0,200.0,4,1,27,1,1,1,1,1,1,1,0.037
0,4,4,0,200.0,4,2,39,1,1,1,1,1,1,1,0.0513
0,4,4,0,150.0,1,5,36,1,1,1,1,1,1,1,0.1389
0,4,4,0,150.0,1,5,47,1,1,1,1,1,1,1,0.1064
0,4,4,0,150.0,1,6,34,1,1,1,1,1,1,1,0.1765
0,4,4,0,300.0,1,4,44,1,1,1,1,1,1,1,0.0909
0,4,4,0,150.0,1,2,43,1,1,1,1,1,1,1,0.0465
0,4,4,0,300.0,1,3,44,1,1,1,1,1,1,1,0.0682
0,4,4,0,150.0,1,6,34,1,1,1,1,1,1,1,0.1765
0,4,4,0,150.0,4,1,40,1,1,1,1,1,1,1,0.025
0,4,4,0,150.0,4,1,33,1,1,1,1,1,1,1,0.0303
0,4,4,0,150.0,6,9,29,1,1,1,1,1,1,1,0.3103
0,4,4,0,150.0,1,11,56,1,1,1,1,1,1,1,0.1964
0,4,4,0,200.0,1,7,37,1,1,1,1,1,1,1,0.1892
0,4,4,0,150.0,1,10,38,1,1,1,1,1,1,1,0.2632
0,4,4,0,150.0,1,2,41,1,1,1,1,1,1,1,0.0488
0,4,4,0,150.0,1,2,43,1,1,1,1,1,1,1,0.0465
0,4,4,0,150.0,4,2,38,1,1,1,1,1,1,1,0.0526
0,4,4,0,300.0,1,3,35,1,1,1,1,1,1,1,0.0857
0,4,4,0,150.0,4,4,46,1,1,1,1,1,1,1,0.087
0,4,4,0,150.0,1,3,37,1,1,1,1,1,1,1,0.0811
0,4,4,0,150.0,1,5,35,1,1,1,1,1,1,1,0.1429
0,4,4,0,150.0,4,4,29,1,1,1,1,1,1,1,0.1379
0,4,4,0,150.0,1,8,45,1,1,1,1,1,1,1,0.1778
0,4,4,0,200.0,1,5,41,1,1,1,1,1,1,1,0.122
0,4,4,0,150.0,1,3,43,1,1,1,1,1,1,1,0.0698
0,4,4,0,150.0,1,1,35,1,1,1,1,1,1,1,0.0286
0,4,4,0,150.0,1,1,37,1,1,1,1,1,1,1,0.027
0,4,4,0,150.0,1,4,40,1,1,1,1,1,1,1,0.1
0,4,4,0,150.0,1,7,57,1,1,1,1,1,1,1,0.1228
0,4,4,0,150.0,1,2,31,1,1,1,1,1,1,1,0.0645
0,4,4,0,150.0,4,2,12,1,1,1,1,1,1,1,0.1667
0,4,4,0,150.0,4,1,43,1,1,1,1,1,1,1,0.0233
0,4,4,0,300.0,4,1,33,1,1,1,1,1,1,1,0.0303
0,4,4,0,150.0,6,9,29,1,1,1,1,1,1,1,0.3103
0,4,4,0,100.0,4,3,33,1,1,1,1,1,1,1,0.0909
0,4,4,0,150.0,1,7,41,1,1,1,1,1,1,1,0.1707
0,4,4,0,150.0,1,2,41,1,1,1,1,1,1,1,0.0488
0,4,4,0,300.0,4,1,4,1,1,1,1,1,1,1,0.25
0,4,4,0,150.0,1,3,45,1,1,1,1,1,1,1,0.0667
0,4,4,0,300.0,1,1,36,1,1,1,1,1,1,1,0.0278
0,4,4,0,150.0,1,2,40,1,1,1,1,1,1,1,0.05
0,4,4,0,150.0,4,2,38,1,1,1,1,1,1,1,0.0526
0,4,4,0,150.0,1,4,54,1,1,1,1,1,1,1,0.0741
0,4,4,0,150.0,1,12,52,1,1,1,1,1,1,1,0.2308
0,0,1,0,150.0,1,7,49,1,1,1,1,1,1,1,0.1429
0,0,4,0,150.0,1,1,52,1,1,1,1,1,1,1,0.0192
0,2,4,0,300.0,6,2,13,1,1,1,1,1,1,1,0.1538
0,0,1,0,300.0,1,4,58,1,1,1,1,1,1,1,0.069
0,0,1,0,150.0,1,1,53,1,1,1,1,1,1,1,0.0189
0,0,1,0,150.0,1,2,49,1,1,1,1,1,1,1,0.0408
0,0,1,0,150.0,1,6,46,1,1,1,1,1,1,1,0.1304
0,0,1,0,300.0,1,1,58,1,1,1,1,1,1,1,0.0172
0,1,1,0,200.0,1,4,46,1,1,1,1,1,1,1,0.087
0,0,1,0,300.0,4,1,44,1,1,1,1,1,1,1,0.0227
0,1,1,0,150.0,4,1,40,1,1,1,1,1,1,1,0.025
0,0,1,0,450.0,1,1,51,1,1,1,1,1,0,1,0.0196
0,0,0,0,150.0,1,7,46,1,1,1,1,1,1,1,0.1522
0,0,6,0,150.0,1,7,46,1,1,1,1,1,1,1,0.1522
0,0,0,0,150.0,1,4,45,1,1,1,1,1,1,1,0.0889
0,1,2,0,150.0,4,1,41,1,1,1,1,1,1,1,0.0244
0,0,0,0,450.0,1,6,76,1,1,1,1,1,1,1,0.0789
0,1,4,0,150.0,1,7,57,1,1,1,1,1,1,1,0.1228
0,3,0,0,150.0,1,1,86,1,1,1,1,1,1,1,0.0116
0,1,2,0,150.0,1,7,59,1,1,1,1,1,1,1,0.1186
0,1,0,0,100.0,1,2,55,1,1,1,1,1,1,1,0.0364
0,0,1,0,150.0,1,3,55,1,1,1,1,1,1,1,0.0545
0,0,0,0,100.0,4,1,52,1,1,1,1,1,1,1,0.0192
0,2,2,0,150.0,1,2,50,1,1,1,1,1,1,1,0.04
0,0,1,0,150.0,1,8,53,1,1,1,1,1,1,1,0.1509
0,4,4,0,300.0,4,6,34,1,1,1,1,1,1,1,0.1765
0,4,4,0,150.0,1,3,38,1,1,1,1,1,1,1,0.0789
0,4,4,0,150.0,1,5,47,1,1,1,1,1,1,1,0.1064
0,4,4,0,150.0,4,1,38,1,1,1,1,1,1,1,0.0263
0,4,4,0,150.0,1,4,51,1,1,1,1,1,1,1,0.0784
0,4,2,0,300.0,4,1,32,1,1,1,1,1,1,1,0.0312
0,4,4,0,150.0,1,7,36,1,1,1,1,1,1,1,0.1944
0,4,4,0,150.0,4,2,29,1,1,1,1,1,1,1,0.069
0,4,4,0,300.0,4,2,35,1,1,1,1,1,1,1,0.0571
0,4,4,0,300.0,1,2,69,1,1,1,1,1,1,1,0.029
0,4,4,0,150.0,1,3,45,1,1,1,1,1,1,1,0.0667
0,4,4,0,450.0,1,2,44,1,1,1,1,1,1,1,0.0455
0,4,4,0,150.0,1,6,32,1,1,1,1,1,1,1,0.1875
0,4,4,0,150.0,1,1,37,1,1,1,1,1,1,1,0.027
0,4,4,0,150.0,4,2,33,1,1,1,1,1,1,1,0.0606
0,4,4,0,150.0,1,5,40,1,1,1,1,1,1,1,0.125
0,4,4,0,150.0,4,3,43,1,1,1,1,1,1,1,0.0698
0,4,4,0,450.0,3,3,12,1,1,1,1,1,1,1,0.25
0,4,4,0,150.0,1,2,37,1,1,1,1,1,1,1,0.0541
0,4,4,0,150.0,1,2,33,1,1,1,1,1,1,1,0.0606
0,4,4,0,150.0,4,2,36,1,1,1,1,1,1,1,0.0556
0,4,4,0,150.0,1,2,52,1,1,1,1,1,1,1,0.0385
0,4,4,0,300.0,4,4,35,1,1,1,1,1,1,1,0.1143
0,4,4,0,150.0,1,4,54,1,1,1,1,1,1,1,0.0741
0,4,4,0,300.0,1,1,56,1,1,1,1,1,1,1,0.0179
0,4,4,0,150.0,4,3,37,1,1,1,1,1,1,1,0.0811
0,4,4,0,150.0,1,4,51,1,1,1,1,1,1,1,0.0784
0,4,4,0,150.0,4,2,25,1,1,1,1,1,1,1,0.08
0,4,4,0,150.0,1,4,32,1,1,1,1,1,1,1,0.125
0,4,4,0,150.0,1,3,44,1,1,1,1,1,1,1,0.0682
0,4,4,0,150.0,1,3,83,1,1,1,1,1,1,1,0.0361
0,4,4,0,450.0,3,1,31,1,1,1,1,1,1,1,0.0323
0,4,4,0,1200.0,3,3,11,1,1,1,1,1,1,1,0.2727
0,4,4,0,150.0,1,12,45,1,1,1,1,1,1,1,0.2667
0,4,4,0,150.0,6,2,8,1,1,1,1,1,1,1,0.25
0,4,4,0,150.0,1,5,52,1,1,1,1,1,1,1,0.0962
0,4,4,0,150.0,1,3,35,1,1,1,1,1,1,1,0.0857
0,4,4,0,150.0,1,3,36,1,1,1,1,1,1,1,0.0833
0,4,4,0,150.0,6,1,37,1,1,1,1,1,1,1,0.027
0,4,4,0,300.0,4,1,35,1,1,1,1,1,1,1,0.0286
0,4,4,0,200.0,1,2,43,1,1,1,1,1,1,1,0.0465
0,4,4,0,150.0,4,4,31,1,1,1,1,1,1,1,0.129
0,4,4,0,150.0,1,3,45,1,1,1,1,1,1,1,0.0667
0,4,4,0,150.0,1,1,54,1,1,1,1,1,1,1,0.0185
0,4,4,0,150.0,1,1,59,1,1,1,1,1,1,1,0.0169
0,4,4,0,150.0,1,5,41,1,1,1,1,1,1,1,0.122
0,4,4,0,200.0,1,2,38,1,1,1,1,1,1,1,0.0526
0,4,4,0,150.0,1,8,51,1,1,1,1,1,1,1,0.1569
0,4,4,0,150.0,4,7,39,1,1,1,1,1,1,1,0.1795
0,4,4,0,150.0,1,4,37,1,1,1,1,1,1,1,0.1081
0,4,4,0,150.0,1,3,41,1,1,1,1,1,1,1,0.0732
0,4,4,0,150.0,1,1,44,1,1,1,1,1,1,1,0.0227
0,4,4,0,300.0,1,3,33,1,1,1,1,1,1,1,0.0909
0,4,4,0,150.0,1,9,63,1,1,1,1,1,1,1,0.1429
0,4,4,0,150.0,1,2,57,1,1,1,1,1,1,1,0.0351
0,4,4,0,300.0,1,1,47,1,1,1,1,1,1,1,0.0213
0,4,4,0,300.0,1,1,37,1,1,1,1,1,1,1,0.027
0,4,4,0,150.0,4,1,35,1,1,1,1,1,1,1,0.0286
0,4,4,0,200.0,4,1,34,1,1,1,1,1,1,1,0.0294
0,4,4,0,200.0,4,6,36,1,1,1,1,1,1,1,0.1667
0,4,4,0,150.0,1,2,43,1,1,1,1,1,1,1,0.0465
0,4,4,0,100.0,1,3,50,1,1,1,1,1,1,1,0.06
0,4,4,0,150.0,4,1,21,1,1,1,1,1,1,1,0.0476
0,4,4,0,450.0,1,1,33,1,1,1,1,1,1,1,0.0303
0,4,4,0,150.0,4,1,27,1,1,1,1,1,1,1,0.037
0,4,4,0,200.0,1,6,38,1,1,1,1,1,1,1,0.1579
0,4,4,0,150.0,1,4,48,1,1,1,1,1,1,1,0.0833
0,4,4,0,300.0,4,3,29,1,1,1,1,1,1,1,0.1034
0,4,4,0,150.0,1,2,36,1,1,1,1,1,1,1,0.0556
0,4,4,0,150.0,1,5,39,1,1,1,1,1,1,1,0.1282
0,4,4,0,200.0,1,1,48,1,1,1,1,1,1,1,0.0208
0,4,4,0,300.0,4,1,30,1,1,1,1,1,1,1,0.0333
0,4,4,0,200.0,1,5,46,1,1,1,1,1,1,1,0.1087
0,4,4,0,150.0,1,7,30,1,1,1,1,1,1,1,0.2333
0,4,2,0,150.0,4,1,45,1,1,1,1,1,1,1,0.0222
0,4,4,0,150.0,1,3,57,1,1,1,1,1,1,1,0.0526
0,4,1,0,150.0,1,1,61,1,1,1,1,1,1,1,0.0164
0,4,4,0,150.0,1,4,56,1,1,1,1,1,1,1,0.0714
0,4,4,0,300.0,4,1,33,1,1,1,1,1,1,1,0.0303
0,4,4,0,150.0,1,5,56,1,1,1,1,1,1,1,0.0893
0,4,4,0,450.0,4,1,45,1,1,1,1,1,1,1,0.0222
0,4,4,0,150.0,1,7,63,1,1,1,1,1,1,1,0.1111
0,4,4,0,200.0,4,1,37,1,1,1,1,1,1,1,0.027
0,4,4,0,150.0,1,2,47,1,1,1,1,1,1,1,0.0426
0,4,4,0,150.0,1,4,47,1,1,1,1,1,1,1,0.0851
0,4,4,0,200.0,1,3,54,1,1,1,1,1,1,1,0.0556
0,4,4,0,200.0,4,1,45,1,1,1,1,1,1,1,0.0222
0,4,4,0,150.0,1,12,55,1,1,1,1,1,1,1,0.2182
0,4,4,0,100.0,4,2,46,1,1,1,1,1,1,1,0.0435
0,4,4,0,150.0,1,2,51,1,1,1,1,1,1,1,0.0392
0,4,4,0,300.0,4,4,40,1,1,1,1,1,1,1,0.1
0,4,4,0,150.0,4,1,40,1,1,1,1,1,1,1,0.025
0,4,4,0,150.0,4,1,40,1,1,1,1,1,1,1,0.025
0,4,4,0,150.0,4,3,49,1,1,1,1,1,1,1,0.0612
0,4,4,0,200.0,1,1,35,1,1,1,1,1,1,1,0.0286
0,4,4,0,150.0,1,5,29,1,1,1,1,1,1,1,0.1724
0,4,4,0,150.0,4,1,27,1,1,1,1,1,1,1,0.037
0,4,4,0,150.0,1,5,58,1,1,1,1,1,1,1,0.0862
0,4,4,0,150.0,1,4,46,1,1,1,1,1,1,1,0.087
0,4,4,0,300.0,1,2,51,1,1,1,1,1,1,1,0.0392
0,4,4,0,300.0,1,2,52,1,1,1,1,1,1,1,0.0385
0,4,4,0,150.0,1,4,45,1,1,1,1,1,1,1,0.0889
0,4,4,0,150.0,1,4,44,1,1,1,1,1,1,1,0.0909
0,4,4,0,150.0,1,4,70,1,1,1,1,1,1,1,0.0571
0,4,4,0,150.0,1,2,35,1,1,1,1,1,1,1,0.0571
0,4,4,0,100.0,1,2,46,1,1,1,1,1,1,1,0.0435
0,4,4,0,150.0,1,3,38,1,1,1,1,1,1,1,0.0789
0,4,4,0,150.0,1,5,32,1,1,1,1,1,1,1,0.1562
0,4,4,0,150.0,1,3,41,1,1,1,1,1,1,1,0.0732
0,4,4,0,150.0,1,11,46,1,1,1,1,1,1,1,0.2391
0,4,4,0,150.0,1,7,44,1,1,1,1,1,1,1,0.1591
0,4,4,0,150.0,4,2,43,1,1,1,1,1,1,1,0.0465
0,4,4,0,150.0,1,4,56,1,1,1,1,1,1,1,0.0714
0,4,4,0,300.0,6,2,8,1,1,1,1,1,1,1,0.25
0,4,4,0,150.0,1,6,43,1,1,1,1,1,1,1,0.1395
0,4,4,0,150.0,1,11,42,1,1,1,1,1,1,1,0.2619
0,4,4,0,150.0,1,2,37,1,1,1,1,1,1,1,0.0541
0,4,4,0,150.0,1,3,54,1,1,1,1,1,1,1,0.0556
0,4,4,0,300.0,1,1,82,1,1,1,1,1,1,1,0.0122
0,4,4,0,150.0,1,10,52,1,1,1,1,1,1,1,0.1923
0,4,4,0,150.0,6,1,38,1,1,1,1,1,1,1,0.0263
0,4,4,0,150.0,1,3,56,1,1,1,1,1,1,1,0.0536
0,4,4,0,150.0,1,2,53,1,1,1,1,1,1,1,0.0377
0,4,4,0,450.0,4,3,46,1,1,1,1,1,1,1,0.0652
0,4,4,0,150.0,1,1,69,1,1,1,1,1,1,1,0.0145
0,4,4,0,150.0,1,2,61,1,1,1,1,1,1,1,0.0328
0,4,4,0,150.0,1,6,64,1,1,1,1,1,1,1,0.0938
0,4,4,0,150.0,1,4,61,1,1,1,1,1,1,1,0.0656
0,4,4,0,150.0,1,3,52,1,1,1,1,1,1,1,0.0577
0,4,4,0,300.0,4,2,41,1,1,1,1,1,1,1,0.0488
0,4,4,0,150.0,1,6,50,1,1,1,1,1,1,1,0.12
0,4,4,0,450.0,0,1,62,1,1,1,1,1,0,1,0.0161
0,4,4,0,150.0,4,1,38,1,1,1,1,1,1,1,0.0263
0,4,4,0,300.0,4,6,45,1,1,1,1,1,1,1,0.1333
0,4,4,0,150.0,1,1,56,1,1,1,1,1,1,1,0.0179
0,4,4,0,150.0,4,2,39,1,1,1,1,1,1,1,0.0513
0,4,4,0,300.0,4,1,23,1,1,1,1,1,1,1,0.0435
0,4,4,0,200.0,1,3,54,1,1,1,1,1,1,1,0.0556
0,4,4,0,150.0,1,12,55,1,1,1,1,1,1,1,0.2182
0,4,4,0,150.0,1,1,61,1,1,1,1,1,1,1,0.0164
0,4,4,0,150.0,1,3,60,1,1,1,1,1,1,1,0.05
0,4,4,0,150.0,1,3,61,1,1,1,1,1,1,1,0.0492
0,4,4,0,150.0,1,9,54,1,1,1,1,1,1,1,0.1667
0,4,4,0,200.0,4,1,40,1,1,1,1,1,1,1,0.025
0,4,4,0,150.0,1,2,64,1,1,1,1,1,1,1,0.0312
0,4,4,0,150.0,1,5,42,1,1,1,1,1,1,1,0.119
0,4,4,0,150.0,1,3,51,1,1,1,1,1,1,1,0.0588
0,4,4,0,300.0,1,4,40,1,1,1,1,1,1,1,0.1
0,4,4,0,200.0,4,6,25,1,1,1,1,1,1,1,0.24
0,4,4,0,300.0,1,4,56,1,1,1,1,1,1,1,0.0714
0,4,4,0,150.0,1,2,32,1,1,1,1,1,1,1,0.0625
0,4,4,0,150.0,1,7,50,1,1,1,1,1,1,1,0.14
0,4,4,0,150.0,1,4,43,1,1,1,1,1,1,1,0.093
0,4,4,0,300.0,4,3,43,1,1,1,1,1,1,1,0.0698
0,4,4,0,150.0,1,3,43,1,1,1,1,1,1,1,0.0698
0,4,4,0,150.0,1,2,44,1,1,1,1,1,1,1,0.0455
0,4,4,0,150.0,1,5,39,1,1,1,1,1,1,1,0.1282
0,4,4,0,150.0,1,4,50,1,1,1,1,1,1,1,0.08
0,4,4,0,150.0,4,3,40,1,1,1,1,1,1,1,0.075
0,4,4,0,150.0,4,4,29,1,1,1,1,1,1,1,0.1379
0,4,4,0,150.0,1,1,53,1,1,1,1,1,1,1,0.0189
0,4,4,0,150.0,1,3,39,1,1,1,1,1,1,1,0.0769
0,4,4,0,150.0,1,2,49,1,1,1,1,1,1,1,0.0408
0,4,4,0,150.0,4,1,23,1,1,1,1,1,1,1,0.0435
0,4,4,0,150.0,1,2,38,1,1,1,1,1,1,1,0.0526
0,4,4,0,150.0,1,2,42,1,1,1,1,1,1,1,0.0476
0,4,4,0,150.0,1,5,62,1,1,1,1,1,1,1,0.0806
0,4,4,0,150.0,1,2,41,1,1,1,1,1,1,1,0.0488
0,4,4,0,150.0,1,4,48,1,1,1,1,1,1,1,0.0833
0,4,4,0,150.0,1,3,51,1,1,1,1,1,1,1,0.0588
0,4,4,0,300.0,1,2,46,1,1,1,1,1,1,1,0.0435
0,4,4,0,300.0,1,4,39,1,1,1,1,1,1,1,0.1026
0,4,4,0,150.0,1,4,42,1,1,1,1,1,1,1,0.0952
0,4,4,0,150.0,1,5,41,1,1,1,1,1,1,1,0.122
0,4,4,0,600.0,3,1,37,1,1,1,1,1,1,1,0.027
0,4,4,0,300.0,4,1,24,1,1,1,1,1,1,1,0.0417
0,4,4,0,150.0,1,3,50,1,1,1,1,1,1,1,0.06
0,4,4,0,300.0,4,3,21,1,1,1,1,1,1,1,0.1429
0,4,4,0,150.0,1,2,42,1,1,1,1,1,1,1,0.0476
0,4,4,0,150.0,4,2,41,1,1,1,1,1,1,1,0.0488
0,4,4,0,200.0,1,6,38,1,1,1,1,1,1,1,0.1579
0,4,4,0,150.0,4,3,30,1,1,1,1,1,1,1,0.1
0,4,4,0,250.0,4,1,43,1,1,1,1,1,1,1,0.0233
0,4,4,0,200.0,1,3,32,1,1,1,1,1,1,1,0.0938
0,4,4,0,150.0,1,4,45,1,1,1,1,1,1,1,0.0889
0,4,4,0,150.0,1,2,34,1,1,1,1,1,1,1,0.0588
0,4,4,0,150.0,1,1,42,1,1,1,1,1,1,1,0.0238
0,4,4,0,150.0,1,4,43,1,1,1,1,1,1,1,0.093
0,4,4,0,300.0,6,1,12,1,1,1,1,1,1,1,0.0833
0,4,4,0,150.0,1,1,48,1,1,1,1,1,1,1,0.0208
0,4,4,0,150.0,1,4,48,1,1,1,1,1,1,1,0.0833
0,4,4,0,150.0,1,3,48,1,1,1,1,1,1,1,0.0625
0,4,4,0,150.0,1,7,60,1,1,1,1,1,1,1,0.1167
0,4,4,0,150.0,1,2,55,1,1,1,1,1,1,1,0.0364
0,4,4,0,150.0,1,2,47,1,1,1,1,1,1,1,0.0426
0,4,4,0,150.0,4,3,49,1,1,1,1,1,1,1,0.0612
0,4,4,0,150.0,1,7,56,1,1,1,1,1,1,1,0.125
0,4,4,0,150.0,1,2,54,1,1,1,1,1,1,1,0.037
0,4,4,0,150.0,1,6,48,1,1,1,1,1,1,1,0.125
0,4,4,0,200.0,1,3,51,1,1,1,1,1,1,1,0.0588
0,4,4,0,150.0,1,10,52,1,1,1,1,1,1,1,0.1923
0,4,4,0,150.0,1,7,63,1,1,1,1,1,1,1,0.1111
0,4,4,0,150.0,1,2,42,1,1,1,1,1,1,1,0.0476
0,4,4,0,150.0,4,7,27,1,1,1,1,1,1,1,0.2593
0,4,4,0,300.0,1,3,28,1,1,1,1,1,1,1,0.1071
0,4,4,0,200.0,1,4,48,1,1,1,1,1,1,1,0.0833
0,4,4,0,150.0,1,6,58,1,1,1,1,1,1,1,0.1034
0,4,4,0,150.0,1,4,48,1,1,1,1,1,1,1,0.0833
0,4,4,0,150.0,4,1,35,1,1,1,1,1,1,1,0.0286
0,4,4,0,450.0,3,3,27,1,1,1,1,1,1,1,0.1111
0,4,4,0,150.0,1,9,60,1,1,1,1,1,1,1,0.15
0,4,4,0,300.0,6,2,15,1,1,1,1,1,0,1,0.1333
0,4,4,0,150.0,4,1,50,1,1,1,1,1,1,1,0.02
0,4,4,0,150.0,1,3,91,1,1,1,1,1,0,1,0.033
0,4,4,0,200.0,1,3,53,1,1,1,1,1,1,1,0.0566
0,4,4,0,150.0,4,3,43,1,1,1,1,1,1,1,0.0698
0,4,4,0,150.0,1,3,50,1,1,1,1,1,1,1,0.06
0,4,4,0,150.0,1,2,35,1,1,1,1,1,1,1,0.0571
0,4,4,0,150.0,1,4,45,1,1,1,1,1,1,1,0.0889
0,4,4,0,150.0,1,12,40,1,1,1,1,1,1,1,0.3
0,4,4,0,150.0,1,2,35,1,1,1,1,1,1,1,0.0571
0,4,4,0,150.0,1,2,50,1,1,1,1,1,1,1,0.04
0,4,4,0,1200.0,3,3,16,1,1,1,1,1,1,1,0.1875
0,4,4,0,150.0,1,1,37,1,1,1,1,1,1,1,0.027
0,4,4,0,150.0,6,1,0,1,1,1,1,1,1,1,inf
0,4,4,0,150.0,1,5,47,1,1,1,1,1,1,1,0.1064
0,4,4,0,200.0,4,4,27,1,1,1,1,1,1,1,0.1481
0,4,4,0,150.0,1,7,47,1,1,1,1,1,1,1,0.1489
0,4,4,0,150.0,6,1,2,1,1,1,1,1,1,1,0.5
0,4,4,0,100.0,1,1,45,1,1,1,1,1,1,1,0.0222
0,4,4,0,150.0,1,1,49,1,1,1,1,1,1,1,0.0204
0,4,4,0,150.0,1,2,31,1,1,1,1,1,1,1,0.0645
0,4,4,0,150.0,1,1,36,1,1,1,1,1,1,1,0.0278
0,4,4,0,450.0,4,1,28,1,1,1,1,1,1,1,0.0357
0,4,4,0,150.0,1,7,46,1,1,1,1,1,1,1,0.1522
0,4,4,0,150.0,1,5,50,1,1,1,1,1,1,1,0.1
0,4,4,0,100.0,4,1,33,1,1,1,1,1,1,1,0.0303
0,4,4,0,200.0,1,1,46,1,1,1,1,1,1,1,0.0217
0,4,4,0,100.0,4,1,40,1,1,1,1,1,1,1,0.025
0,4,4,0,150.0,1,1,44,1,1,1,1,1,1,1,0.0227
0,4,4,0,200.0,1,1,43,1,1,1,1,1,1,1,0.0233
0,4,4,0,150.0,1,3,35,1,1,1,1,1,1,1,0.0857
0,4,4,0,150.0,4,7,31,1,1,1,1,1,1,1,0.2258
0,4,4,0,150.0,1,2,48,1,1,1,1,1,1,1,0.0417
0,4,4,0,150.0,1,1,31,1,1,1,1,1,1,1,0.0323
0,4,4,0,150.0,1,4,51,1,1,1,1,1,1,1,0.0784
0,4,4,0,300.0,1,3,36,1,1,1,1,1,1,1,0.0833
0,4,4,0,150.0,1,3,32,1,1,1,1,1,1,1,0.0938
0,4,4,0,150.0,1,7,45,1,1,1,1,1,1,1,0.1556
0,4,4,0,150.0,1,7,46,1,1,1,1,1,1,1,0.1522
0,4,4,0,100.0,1,5,48,1,1,1,1,1,1,1,0.1042
0,4,4,0,150.0,1,7,34,1,1,1,1,1,1,1,0.2059
0,4,4,0,150.0,4,2,51,1,1,1,1,1,1,1,0.0392
0,4,4,0,150.0,1,2,65,1,1,1,1,1,1,1,0.0308
0,4,4,0,150.0,1,2,66,1,1,1,1,1,1,1,0.0303
0,4,4,0,150.0,1,7,64,1,1,1,1,1,1,1,0.1094
0,4,4,0,450.0,4,1,48,1,1,1,1,1,1,1,0.0208
0,4,4,0,150.0,1,2,54,1,1,1,1,1,1,1,0.037
0,4,4,0,200.0,4,1,51,1,1,1,1,1,1,1,0.0196
0,4,4,0,150.0,1,2,64,1,1,1,1,1,1,1,0.0312
0,4,4,0,300.0,1,1,53,1,1,1,1,1,1,1,0.0189
0,4,4,0,150.0,1,2,43,1,1,1,1,1,1,1,0.0465
0,4,4,0,150.0,1,1,35,1,1,1,1,1,1,1,0.0286
0,4,4,0,150.0,1,1,55,1,1,1,1,1,1,1,0.0182
0,4,4,0,150.0,4,1,23,1,1,1,1,1,1,1,0.0435
0,4,4,0,300.0,1,3,42,1,1,1,1,1,1,1,0.0714
0,4,4,0,150.0,1,3,45,1,1,1,1,1,1,1,0.0667
0,4,4,0,150.0,1,2,34,1,1,1,1,1,1,1,0.0588
0,4,4,0,150.0,4,2,35,1,1,1,1,1,1,1,0.0571
0,4,4,0,150.0,1,2,52,1,1,1,1,1,1,1,0.0385
0,4,4,0,150.0,1,4,45,1,1,1,1,1,1,1,0.0889
0,4,4,0,150.0,1,3,37,1,1,1,1,1,1,1,0.0811
0,4,4,0,200.0,4,3,51,1,1,1,1,1,1,1,0.0588
0,4,4,0,200.0,4,2,44,1,1,1,1,1,1,1,0.0455
0,4,4,0,150.0,1,2,49,1,1,1,1,1,1,1,0.0408
0,4,4,0,450.0,1,1,51,1,1,1,1,1,1,1,0.0196
0,4,4,0,150.0,1,1,53,1,1,1,1,1,1,1,0.0189
0,4,4,0,150.0,4,3,37,1,1,1,1,1,1,1,0.0811
0,4,4,0,150.0,4,3,37,1,1,1,1,1,1,1,0.0811
0,4,4,0,150.0,1,1,65,1,1,1,1,1,1,1,0.0154
0,4,4,0,150.0,1,5,60,1,1,1,1,1,1,1,0.0833
0,4,4,0,150.0,1,5,60,1,1,1,1,1,1,1,0.0833
0,4,4,0,200.0,4,1,52,1,1,1,1,1,1,1,0.0192
0,4,4,0,150.0,1,6,52,1,1,1,1,1,1,1,0.1154
0,4,4,0,300.0,4,1,52,1,1,1,1,1,1,1,0.0192
0,4,4,0,200.0,1,3,58,1,1,1,1,1,1,1,0.0517
0,4,4,0,150.0,1,1,65,1,1,1,1,1,1,1,0.0154
0,4,4,0,150.0,4,2,52,1,1,1,1,1,1,1,0.0385
0,4,4,0,200.0,1,1,66,1,1,1,1,1,1,1,0.0152
0,4,4,0,150.0,1,12,50,1,1,1,1,1,1,1,0.24
0,4,4,0,150.0,1,1,50,1,1,1,1,1,1,1,0.02
0,4,4,0,150.0,1,2,39,1,1,1,1,1,1,1,0.0513
0,4,4,0,150.0,4,1,30,1,1,1,1,1,1,1,0.0333
0,4,4,0,200.0,4,1,31,1,1,1,1,1,1,1,0.0323
0,4,4,0,200.0,1,4,51,1,1,1,1,1,1,1,0.0784
0,4,4,0,150.0,1,7,38,1,1,1,1,1,1,1,0.1842
0,4,4,0,150.0,1,4,42,1,1,1,1,1,1,1,0.0952
0,4,4,0,150.0,4,3,23,1,1,1,1,1,1,1,0.1304
0,4,4,0,300.0,1,4,31,1,1,1,1,1,1,1,0.129
0,4,4,0,150.0,1,4,40,1,1,1,1,1,1,1,0.1
0,4,4,0,150.0,1,4,36,1,1,1,1,1,1,1,0.1111
0,4,4,0,150.0,1,2,51,1,1,1,1,1,1,1,0.0392
0,4,4,0,150.0,1,4,56,1,1,1,1,1,1,1,0.0714
0,4,4,0,150.0,1,2,59,1,1,1,1,1,1,1,0.0339
0,4,4,0,300.0,4,1,8,1,1,1,1,1,1,1,0.125
0,4,4,0,150.0,1,4,45,1,1,1,1,1,1,1,0.0889
0,4,4,0,300.0,4,1,44,1,1,1,1,1,1,1,0.0227
0,4,4,0,200.0,1,1,40,1,1,1,1,1,1,1,0.025
0,4,4,0,150.0,1,2,53,1,1,1,1,1,1,1,0.0377
0,4,4,0,300.0,4,3,39,1,1,1,1,1,1,1,0.0769
0,4,4,0,300.0,4,1,37,1,1,1,1,1,1,1,0.027
0,4,4,0,150.0,1,1,42,1,1,1,1,1,1,1,0.0238
0,4,4,0,150.0,4,4,36,1,1,1,1,1,1,1,0.1111
0,4,4,0,150.0,1,12,40,1,1,1,1,1,1,1,0.3
0,4,4,0,300.0,1,2,42,1,1,1,1,1,1,1,0.0476
0,4,4,0,300.0,1,1,36,1,1,1,1,1,1,1,0.0278
0,4,4,0,150.0,1,4,55,1,1,1,1,1,1,1,0.0727
0,4,4,0,150.0,1,2,49,1,1,1,1,1,1,1,0.0408
0,4,4,0,150.0,1,2,43,1,1,1,1,1,1,1,0.0465
0,4,4,0,150.0,1,5,39,1,1,1,1,1,1,1,0.1282
0,4,4,0,150.0,1,1,43,1,1,1,1,1,1,1,0.0233
0,4,4,0,100.0,1,2,41,1,1,1,1,1,1,1,0.0488
0,4,4,0,200.0,1,1,52,1,1,1,1,1,1,1,0.0192
0,4,4,0,150.0,1,4,35,1,1,1,1,1,1,1,0.1143
0,0,2,0,150.0,1,3,57,1,1,1,1,1,1,1,0.0526
0,4,0,0,150.0,1,4,51,1,1,1,1,1,1,1,0.0784
0,4,0,0,450.0,1,6,75,1,1,1,1,1,1,1,0.08
0,4,2,0,150.0,1,1,44,1,1,1,1,1,1,1,0.0227
0,4,0,0,150.0,1,1,56,1,1,1,1,1,1,1,0.0179
0,4,2,0,150.0,4,1,33,1,1,1,1,1,1,1,0.0303
0,4,1,0,150.0,1,2,59,1,1,1,1,1,1,1,0.0339
0,4,2,0,150.0,4,3,50,1,1,1,1,1,1,1,0.06
0,4,0,0,150.0,1,2,53,1,1,1,1,1,1,1,0.0377
0,4,4,0,150.0,1,2,47,1,1,1,1,1,1,1,0.0426
0,4,4,0,300.0,4,6,40,1,1,1,1,1,1,1,0.15
0,4,4,0,150.0,1,7,44,1,1,1,1,1,1,1,0.1591
0,4,4,0,150.0,1,5,30,1,1,1,1,1,1,1,0.1667
0,4,4,0,300.0,4,3,38,1,1,1,1,1,1,1,0.0789
0,4,4,0,200.0,4,2,25,1,1,1,1,1,1,1,0.08
0,4,4,0,150.0,4,1,29,1,1,1,1,1,1,1,0.0345
0,4,4,0,300.0,4,3,32,1,1,1,1,1,1,1,0.0938
0,4,4,0,150.0,1,1,45,1,1,1,1,1,1,1,0.0222
0,4,4,0,150.0,1,5,52,1,1,1,1,1,1,1,0.0962
0,4,4,0,150.0,4,3,43,1,1,1,1,1,1,1,0.0698
0,4,4,0,150.0,1,3,33,1,1,1,1,1,1,1,0.0909
0,4,4,0,150.0,1,1,33,1,1,1,1,1,1,1,0.0303
0,4,4,0,150.0,1,2,36,1,1,1,1,1,1,1,0.0556
0,4,4,0,150.0,1,2,43,1,1,1,1,1,1,1,0.0465
0,4,4,0,150.0,1,2,36,1,1,1,1,1,1,1,0.0556
0,4,4,0,300.0,1,4,79,1,1,1,1,1,1,1,0.0506
0,4,4,0,150.0,1,2,49,1,1,1,1,1,1,1,0.0408
0,4,4,0,300.0,1,2,65,1,1,1,1,1,1,1,0.0308
0,4,4,0,150.0,1,1,56,1,1,1,1,1,1,1,0.0179
0,4,4,0,200.0,4,1,40,1,1,1,1,1,1,1,0.025
0,4,4,0,150.0,1,1,61,1,1,1,1,1,1,1,0.0164
0,4,4,0,150.0,1,8,54,1,1,1,1,1,1,1,0.1481
0,4,4,0,150.0,1,1,65,1,1,1,1,1,1,1,0.0154
0,4,4,0,100.0,1,2,98,1,1,1,1,1,1,1,0.0204
0,4,4,0,450.0,1,1,63,1,1,1,1,1,1,1,0.0159
0,4,4,0,150.0,1,1,50,1,1,1,1,1,1,1,0.02
0,4,4,0,150.0,4,1,41,1,1,1,1,1,1,1,0.0244
0,4,4,0,150.0,1,4,57,1,1,1,1,1,1,1,0.0702
0,4,4,0,150.0,1,3,47,1,1,1,1,1,1,1,0.0638
0,4,4,0,300.0,4,1,39,1,1,1,1,1,1,1,0.0256
0,4,4,0,150.0,1,2,51,1,1,1,1,1,1,1,0.0392
0,4,4,0,150.0,1,4,57,1,1,1,1,1,1,1,0.0702
0,4,2,0,150.0,1,11,55,1,1,1,1,1,1,1,0.2
0,4,4,0,200.0,1,2,40,1,1,1,1,1,1,1,0.05
0,4,4,0,200.0,4,4,33,1,1,1,1,1,1,1,0.1212
0,4,4,0,300.0,1,2,41,1,1,1,1,1,1,1,0.0488
0,4,4,0,150.0,1,5,48,1,1,1,1,1,1,1,0.1042
0,4,4,0,450.0,0,1,27,1,1,1,1,1,1,1,0.037
0,4,4,0,150.0,1,7,37,1,1,1,1,1,1,1,0.1892
0,4,4,0,150.0,4,1,21,1,1,1,1,1,1,1,0.0476
0,4,4,0,150.0,1,5,34,1,1,1,1,1,1,1,0.1471
0,4,4,0,300.0,4,1,38,1,1,1,1,1,1,1,0.0263
0,4,4,0,300.0,4,5,32,1,1,1,1,1,1,1,0.1562
0,4,4,0,150.0,1,3,38,1,1,1,1,1,1,1,0.0789
0,4,4,0,150.0,1,3,52,1,1,1,1,1,1,1,0.0577
0,4,4,0,150.0,1,2,36,1,1,1,1,1,1,1,0.0556
0,4,4,0,150.0,1,2,37,1,1,1,1,1,1,1,0.0541
0,4,4,0,150.0,4,1,36,1,1,1,1,1,1,1,0.0278
0,4,4,0,150.0,1,5,49,1,1,1,1,1,1,1,0.102
0,4,4,0,150.0,1,4,76,1,1,1,1,1,1,1,0.0526
0,4,4,0,200.0,4,1,39,1,1,1,1,1,1,1,0.0256
0,4,4,0,150.0,4,3,52,1,1,1,1,1,1,1,0.0577
0,4,4,0,150.0,6,1,15,1,1,1,1,1,1,1,0.0667
0,4,4,0,150.0,4,4,46,1,1,1,1,1,1,1,0.087
0,4,4,0,150.0,4,4,49,1,1,1,1,1,1,1,0.0816
0,4,4,0,200.0,1,1,53,1,1,1,1,1,1,1,0.0189
0,4,4,0,150.0,1,9,74,1,1,1,1,1,1,1,0.1216
0,4,4,0,200.0,4,2,47,1,1,1,1,1,1,1,0.0426
0,4,4,0,150.0,4,2,42,1,1,1,1,1,1,1,0.0476
0,4,4,0,200.0,1,3,61,1,1,1,1,1,1,1,0.0492
0,4,4,0,300.0,1,2,51,1,1,1,1,1,1,1,0.0392
0,4,4,0,150.0,6,1,38,1,1,1,1,1,1,1,0.0263
0,4,4,0,300.0,6,1,14,1,1,1,1,1,0,1,0.0714
0,4,4,0,150.0,4,1,48,1,1,1,1,1,1,1,0.0208
0,4,4,0,300.0,1,1,79,1,1,1,1,1,1,1,0.0127
0,4,4,0,150.0,1,5,55,1,1,1,1,1,1,1,0.0909
0,4,4,0,150.0,1,4,48,1,1,1,1,1,1,1,0.0833
0,4,4,0,150.0,1,4,56,1,1,1,1,1,1,1,0.0714
0,4,4,0,200.0,4,2,47,1,1,1,1,1,1,1,0.0426
0,4,4,0,150.0,1,9,53,1,1,1,1,1,1,1,0.1698
0,4,4,0,150.0,4,3,48,1,1,1,1,1,1,1,0.0625
0,4,4,0,300.0,4,9,43,1,1,1,1,1,1,1,0.2093
0,4,4,0,150.0,1,1,58,1,1,1,1,1,1,1,0.0172
0,4,4,0,150.0,6,5,6,1,1,1,1,1,1,1,0.8333
0,4,4,0,150.0,1,10,52,1,1,1,1,1,1,1,0.1923
0,4,4,0,150.0,1,5,56,1,1,1,1,1,1,1,0.0893
0,4,4,0,150.0,1,6,54,1,1,1,1,1,1,1,0.1111
0,4,4,0,300.0,1,2,52,1,1,1,1,1,1,1,0.0385
0,4,4,0,150.0,1,3,62,1,1,1,1,1,1,1,0.0484
0,4,4,0,150.0,1,3,37,1,1,1,1,1,1,1,0.0811
0,4,4,0,100.0,1,1,50,1,1,1,1,1,1,1,0.02
0,4,4,0,200.0,1,5,45,1,1,1,1,1,1,1,0.1111
0,4,4,0,150.0,1,1,39,1,1,1,1,1,1,1,0.0256
0,4,4,0,450.0,0,1,48,1,1,1,1,1,1,1,0.0208
0,4,4,0,150.0,1,2,36,1,1,1,1,1,1,1,0.0556
0,4,4,0,150.0,1,5,56,1,1,1,1,1,1,1,0.0893
0,4,4,0,150.0,1,1,48,1,1,1,1,1,1,1,0.0208
0,4,4,0,150.0,1,3,39,1,1,1,1,1,1,1,0.0769
0,4,4,0,200.0,1,1,49,1,1,1,1,1,1,1,0.0204
0,4,4,0,300.0,1,1,44,1,1,1,1,1,1,1,0.0227
0,4,4,0,150.0,1,2,47,1,1,1,1,1,1,1,0.0426
0,4,4,0,150.0,6,1,28,1,1,1,1,1,1,1,0.0357
0,4,4,0,150.0,1,12,51,1,1,1,1,1,1,1,0.2353
0,4,4,0,150.0,4,1,27,1,1,1,1,1,1,1,0.037
0,4,4,0,150.0,1,2,48,1,1,1,1,1,1,1,0.0417
0,4,4,0,150.0,1,3,56,1,1,1,1,1,1,1,0.0536
0,4,4,0,150.0,4,1,39,1,1,1,1,1,1,1,0.0256
0,4,4,0,150.0,1,3,9,1,1,1,1,1,1,1,0.3333
0,4,4,0,150.0,1,1,41,1,1,1,1,1,1,1,0.0244
0,4,4,0,300.0,4,1,39,1,1,1,1,1,1,1,0.0256
0,4,4,0,150.0,1,3,91,1,1,1,1,1,1,1,0.033
0,4,4,0,300.0,4,1,41,1,1,1,1,1,0,1,0.0244
0,4,4,0,150.0,1,1,51,1,1,1,1,1,1,1,0.0196
0,4,4,0,150.0,1,6,53,1,1,1,1,1,1,1,0.1132
0,4,4,0,150.0,1,7,49,1,1,1,1,1,1,1,0.1429
0,4,4,0,300.0,1,1,48,1,1,1,1,1,1,1,0.0208
0,4,4,0,300.0,1,1,55,1,1,1,1,1,0,1,0.0182
0,4,4,0,150.0,1,7,54,1,1,1,1,1,1,1,0.1296
0,4,4,0,150.0,1,3,48,1,1,1,1,1,1,1,0.0625
0,4,4,0,150.0,6,1,6,1,1,1,1,1,1,1,0.1667
0,4,4,0,150.0,7,2,1,1,1,1,1,1,1,1,2.0
0,4,4,0,150.0,1,1,63,1,1,1,1,1,1,1,0.0159
0,4,4,0,150.0,1,4,49,1,1,1,1,1,1,1,0.0816
0,4,4,0,150.0,4,1,60,1,1,1,1,1,1,1,0.0167
0,4,4,0,150.0,1,2,61,1,1,1,1,1,1,1,0.0328
0,4,4,0,150.0,1,2,62,1,1,1,1,1,1,1,0.0323
0,4,4,0,300.0,4,2,44,1,1,1,1,1,1,1,0.0455
0,4,4,0,150.0,4,2,41,1,1,1,1,1,1,1,0.0488
0,4,4,0,150.0,4,1,41,1,1,1,1,1,1,1,0.0244
0,4,4,0,150.0,1,1,51,1,1,1,1,1,1,1,0.0196
0,4,4,0,150.0,1,4,56,1,1,1,1,1,1,1,0.0714
0,4,4,0,150.0,4,1,28,1,1,1,1,1,0,1,0.0357
0,4,4,0,150.0,1,2,65,1,1,1,1,1,1,1,0.0308
0,4,4,0,150.0,1,2,63,1,1,1,1,1,1,1,0.0317
0,4,4,0,150.0,4,1,28,1,1,1,1,1,1,1,0.0357
0,4,4,0,150.0,1,1,53,1,1,1,1,1,1,1,0.0189
0,4,4,0,150.0,1,6,49,1,1,1,1,1,1,1,0.1224
0,4,4,0,150.0,1,4,62,1,1,1,1,1,1,1,0.0645
0,4,4,0,150.0,1,6,65,1,1,1,1,1,1,1,0.0923
0,4,4,0,150.0,1,1,58,1,1,1,1,1,1,1,0.0172
0,4,4,0,150.0,7,2,1,1,1,1,1,1,1,1,2.0
0,4,4,0,200.0,1,3,55,1,1,1,1,1,1,1,0.0545
0,4,4,0,300.0,6,1,11,1,1,1,1,1,1,1,0.0909
0,4,4,0,200.0,1,3,55,1,1,1,1,1,1,1,0.0545
0,4,4,0,150.0,1,1,62,1,1,1,1,1,1,1,0.0161
0,4,4,0,150.0,1,3,32,1,1,1,1,1,1,1,0.0938
0,4,4,0,150.0,4,3,36,1,1,1,1,1,1,1,0.0833
0,4,4,0,150.0,1,4,38,1,1,1,1,1,1,1,0.1053
0,4,4,0,150.0,4,1,33,1,1,1,1,1,1,1,0.0303
0,4,4,0,150.0,4,1,31,1,1,1,1,1,1,1,0.0323
0,4,4,0,150.0,1,7,37,1,1,1,1,1,1,1,0.1892
0,4,4,0,150.0,1,3,32,1,1,1,1,1,1,1,0.0938
0,4,4,0,300.0,1,2,56,1,1,1,1,1,1,1,0.0357
0,4,4,0,150.0,1,5,42,1,1,1,1,1,1,1,0.119
0,4,4,0,200.0,1,7,41,1,1,1,1,1,1,1,0.1707
0,4,4,0,300.0,4,1,13,1,1,1,1,1,1,1,0.0769
0,4,4,0,300.0,1,4,51,1,1,1,1,1,1,1,0.0784
0,4,4,0,150.0,4,2,31,1,1,1,1,1,1,1,0.0645
0,4,4,0,150.0,1,4,43,1,1,1,1,1,1,1,0.093
0,4,4,0,150.0,4,1,28,1,1,1,1,1,1,1,0.0357
0,4,4,0,300.0,4,1,23,1,1,1,1,1,1,1,0.0435
0,4,4,0,150.0,1,7,41,1,1,1,1,1,1,1,0.1707
0,4,4,0,150.0,1,1,42,1,1,1,1,1,1,1,0.0238
0,4,4,0,150.0,4,2,19,1,1,1,1,1,1,1,0.1053
0,4,4,0,150.0,1,6,34,1,1,1,1,1,1,1,0.1765
0,4,4,0,200.0,1,2,47,1,1,1,1,1,1,1,0.0426
0,4,4,0,300.0,1,4,51,1,1,1,1,1,1,1,0.0784
0,4,4,0,150.0,1,4,49,1,1,1,1,1,1,1,0.0816
0,4,4,0,150.0,1,4,56,1,1,1,1,1,1,1,0.0714
0,4,4,0,150.0,1,4,55,1,1,1,1,1,1,1,0.0727
0,4,4,0,150.0,1,1,61,1,1,1,1,1,1,1,0.0164
0,4,4,0,100.0,1,2,99,1,1,1,1,1,1,1,0.0202
0,4,4,0,150.0,1,3,53,1,1,1,1,1,1,1,0.0566
0,4,4,0,150.0,1,1,59,1,1,1,1,1,1,1,0.0169
0,4,4,0,150.0,1,7,52,1,1,1,1,1,1,1,0.1346
0,4,4,0,300.0,1,4,56,1,1,1,1,1,1,1,0.0714
0,4,4,0,150.0,1,1,58,1,1,1,1,1,1,1,0.0172
0,4,4,0,150.0,1,6,56,1,1,1,1,1,1,1,0.1071
0,4,4,0,150.0,1,1,59,1,1,1,1,1,1,1,0.0169
0,4,4,0,150.0,1,7,49,1,1,1,1,1,1,1,0.1429
0,4,4,0,200.0,1,2,49,1,1,1,1,1,1,1,0.0408
0,4,4,0,150.0,1,4,83,1,1,1,1,1,1,1,0.0482
0,4,4,0,150.0,1,5,57,1,1,1,1,1,1,1,0.0877
0,4,4,0,150.0,1,4,58,1,1,1,1,1,1,1,0.069
0,4,4,0,150.0,1,3,63,1,1,1,1,1,1,1,0.0476
0,4,4,0,150.0,1,11,59,1,1,1,1,1,1,1,0.1864
0,4,4,0,150.0,1,3,92,1,1,1,1,1,1,1,0.0326
0,4,4,0,150.0,1,2,60,1,1,1,1,1,1,1,0.0333
0,4,4,0,150.0,1,1,58,1,1,1,1,1,1,1,0.0172
0,4,4,0,200.0,1,6,58,1,1,1,1,1,1,1,0.1034
0,4,4,0,150.0,1,2,57,1,1,1,1,1,1,1,0.0351
0,4,4,0,150.0,1,5,57,1,1,1,1,1,1,1,0.0877
0,4,4,0,150.0,1,1,57,1,1,1,1,1,1,1,0.0175
0,4,4,0,200.0,1,3,56,1,1,1,1,1,1,1,0.0536
0,4,4,0,150.0,1,2,55,1,1,1,1,1,1,1,0.0364
0,4,4,0,150.0,1,2,54,1,1,1,1,1,1,1,0.037
0,4,4,0,150.0,1,1,59,1,1,1,1,1,1,1,0.0169
0,4,4,0,150.0,1,7,54,1,1,1,1,1,1,1,0.1296
0,4,4,0,150.0,1,5,53,1,1,1,1,1,1,1,0.0943
0,4,4,0,150.0,1,8,57,1,1,1,1,1,1,1,0.1404
0,4,4,0,150.0,1,4,61,1,1,1,1,1,1,1,0.0656
0,4,4,0,200.0,4,2,48,1,1,1,1,1,1,1,0.0417
0,4,4,0,150.0,1,7,54,1,1,1,1,1,1,1,0.1296
0,4,4,0,150.0,1,4,68,1,1,1,1,1,1,1,0.0588
0,4,4,0,150.0,4,4,49,1,1,1,1,1,1,1,0.0816
0,4,4,0,150.0,1,2,53,1,1,1,1,1,1,1,0.0377
0,4,4,0,150.0,4,1,48,1,1,1,1,1,1,1,0.0208
0,4,4,0,150.0,1,9,75,1,1,1,1,1,1,1,0.12
0,4,4,0,300.0,4,1,51,1,1,1,1,1,1,1,0.0196
0,4,4,0,150.0,4,4,48,1,1,1,1,1,1,1,0.0833
0,4,4,0,300.0,1,1,54,1,1,1,1,1,1,1,0.0185
0,4,4,0,150.0,4,4,49,1,1,1,1,1,1,1,0.0816
0,4,4,0,150.0,1,5,45,1,1,1,1,1,1,1,0.1111
0,4,4,0,150.0,1,4,51,1,1,1,1,1,1,1,0.0784
0,4,4,0,200.0,4,1,46,1,1,1,1,1,1,1,0.0217
0,4,4,0,150.0,1,9,54,1,1,1,1,1,1,1,0.1667
0,4,4,0,200.0,4,1,49,1,1,1,1,1,1,1,0.0204
0,4,4,0,150.0,1,1,57,1,1,1,1,1,1,1,0.0175
0,4,4,0,150.0,1,5,57,1,1,1,1,1,1,1,0.0877
0,4,4,0,150.0,1,1,61,1,1,1,1,1,1,1,0.0164
0,4,4,0,150.0,4,1,63,1,1,1,1,1,1,1,0.0159
0,4,4,0,150.0,1,4,31,1,1,1,1,1,1,1,0.129
0,4,4,0,150.0,1,1,32,1,1,1,1,1,1,1,0.0312
0,4,4,0,150.0,1,1,43,1,1,1,1,1,1,1,0.0233
0,4,4,0,150.0,4,2,40,1,1,1,1,1,1,1,0.05
0,4,4,0,150.0,1,7,45,1,1,1,1,1,1,1,0.1556
0,4,4,0,150.0,1,7,31,1,1,1,1,1,1,1,0.2258
0,4,4,0,150.0,1,9,38,1,1,1,1,1,1,1,0.2368
0,4,4,0,250.0,4,2,37,1,1,1,1,1,1,1,0.0541
0,4,4,0,150.0,1,4,35,1,1,1,1,1,1,1,0.1143
0,4,4,0,300.0,1,1,50,1,1,1,1,1,1,1,0.02
0,4,4,0,150.0,6,1,3,1,1,1,1,1,1,1,0.3333
0,4,4,0,150.0,1,9,42,1,1,1,1,1,1,1,0.2143
0,4,4,0,300.0,4,1,8,1,1,1,1,1,1,1,0.125
0,4,4,0,150.0,1,1,40,1,1,1,1,1,1,1,0.025
0,4,4,0,150.0,4,1,42,1,1,1,1,1,1,1,0.0238
0,4,4,0,150.0,4,1,41,1,1,1,1,1,1,1,0.0244
0,4,4,0,150.0,1,8,42,1,1,1,1,1,1,1,0.1905
0,4,4,0,150.0,1,6,46,1,1,1,1,1,1,1,0.1304
0,4,4,0,150.0,1,2,52,1,1,1,1,1,1,1,0.0385
0,4,4,0,150.0,1,2,35,1,1,1,1,1,1,1,0.0571
0,4,4,0,150.0,4,1,48,1,1,1,1,1,1,1,0.0208
0,4,4,0,150.0,1,3,55,1,1,1,1,1,1,1,0.0545
0,4,4,0,200.0,4,2,50,1,1,1,1,1,1,1,0.04
0,4,4,0,100.0,4,2,55,1,1,1,1,1,1,1,0.0364
0,4,4,0,150.0,1,2,56,1,1,1,1,1,1,1,0.0357
0,4,4,0,150.0,1,2,56,1,1,1,1,1,1,1,0.0357
0,4,4,0,150.0,1,5,58,1,1,1,1,1,1,1,0.0862
0,4,4,0,150.0,1,3,63,1,1,1,1,1,1,1,0.0476
0,4,4,0,150.0,1,6,59,1,1,1,1,1,1,1,0.1017
0,4,4,0,300.0,4,4,41,1,1,1,1,1,1,1,0.0976
0,4,4,0,150.0,1,2,58,1,1,1,1,1,1,1,0.0345
0,4,4,0,300.0,1,4,48,1,1,1,1,1,0,1,0.0833
0,4,4,0,150.0,4,3,50,1,1,1,1,1,1,1,0.06
0,4,4,0,150.0,1,11,63,1,1,1,1,1,1,1,0.1746
0,4,4,0,150.0,1,4,49,1,1,1,1,1,1,1,0.0816
0,4,4,0,150.0,1,1,64,1,1,1,1,1,0,1,0.0156
0,4,4,0,150.0,1,3,55,1,1,1,1,1,1,1,0.0545
0,0,0,0,150.0,1,4,56,1,1,1,1,1,1,1,0.0714
0,0,0,0,150.0,1,3,53,1,1,1,1,1,1,1,0.0566
0,0,0,0,150.0,1,4,53,1,1,1,1,1,1,1,0.0755
0,3,0,0,150.0,1,3,42,1,1,1,1,1,1,1,0.0714
0,0,2,0,150.0,1,5,40,1,1,1,1,1,1,1,0.125
0,0,0,0,150.0,1,1,49,1,1,1,1,1,1,1,0.0204
0,1,1,0,150.0,1,2,55,1,1,1,1,1,1,1,0.0364
0,2,2,0,200.0,4,1,32,1,1,1,1,1,1,1,0.0312
0,4,4,0,150.0,1,2,75,1,1,1,1,1,1,1,0.0267
0,4,4,0,750.0,0,1,30,1,1,1,1,1,1,1,0.0333
0,4,4,0,150.0,1,1,6,1,1,1,1,1,1,1,0.1667
0,4,4,0,450.0,4,1,34,1,1,1,1,1,1,1,0.0294
0,4,4,0,150.0,4,1,20,1,1,1,1,1,1,1,0.05
0,4,4,0,300.0,4,6,34,1,1,1,1,1,1,1,0.1765
0,4,4,0,150.0,1,3,41,1,1,1,1,1,1,1,0.0732
0,4,4,0,150.0,1,2,43,1,1,1,1,1,1,1,0.0465
0,4,4,0,150.0,1,12,48,1,1,1,1,1,1,1,0.25
0,4,4,0,150.0,4,1,8,1,1,1,1,1,1,1,0.125
0,4,4,0,300.0,4,1,26,1,1,1,1,1,1,1,0.0385
0,4,4,0,150.0,1,1,50,1,1,1,1,1,1,1,0.02
0,4,4,0,200.0,1,2,47,1,1,1,1,1,1,1,0.0426
0,4,4,0,150.0,1,6,41,1,1,1,1,1,1,1,0.1463
0,4,4,0,150.0,1,5,39,1,1,1,1,1,1,1,0.1282
0,4,4,0,50.0,6,3,0,1,1,1,1,1,1,1,inf
0,4,4,0,200.0,4,1,32,1,1,1,1,1,1,1,0.0312
0,4,4,0,150.0,1,11,45,1,1,1,1,1,1,1,0.2444
0,4,4,0,150.0,1,2,40,1,1,1,1,1,1,1,0.05
0,4,4,0,150.0,1,4,31,1,1,1,1,1,1,1,0.129
0,4,4,0,150.0,1,3,45,1,1,1,1,1,1,1,0.0667
0,4,4,0,150.0,1,2,44,1,1,1,1,1,1,1,0.0455
0,0,0,0,150.0,1,1,44,1,1,1,1,1,1,1,0.0227
0,0,0,0,150.0,1,1,56,1,1,1,1,1,1,1,0.0179
0,0,4,0,150.0,1,5,49,1,1,1,1,1,1,1,0.102
0,0,5,0,150.0,1,2,48,1,1,1,1,1,1,1,0.0417
0,1,1,0,50.0,2,1,31,1,1,1,1,1,0,1,0.0323
0,0,5,0,150.0,1,1,44,1,1,1,1,1,1,1,0.0227
0,0,1,0,150.0,1,12,51,1,1,1,1,1,1,1,0.2353
0,0,4,0,150.0,1,1,40,1,1,1,1,1,1,1,0.025
0,0,4,0,150.0,1,7,40,1,1,1,1,1,1,1,0.175
0,0,0,0,150.0,1,5,58,1,1,1,1,1,1,1,0.0862
0,0,4,0,200.0,1,5,50,1,1,1,1,1,1,1,0.1
0,1,1,0,300.0,4,2,32,1,1,1,1,1,1,1,0.0625
0,0,1,0,200.0,1,1,58,1,1,1,1,1,1,1,0.0172
0,0,0,0,150.0,1,4,48,1,1,1,1,1,1,1,0.0833
0,0,5,0,200.0,1,1,50,1,1,1,1,1,1,1,0.02
0,2,0,0,150.0,1,2,57,1,1,1,1,1,1,1,0.0351
0,3,5,0,150.0,1,7,54,1,1,1,1,1,1,1,0.1296
0,1,2,0,150.0,1,4,50,1,1,1,1,1,1,1,0.08
0,0,0,0,150.0,1,7,48,1,1,1,1,1,1,1,0.1458
0,5,2,0,150.0,6,2,15,1,1,1,1,1,0,1,0.1333
0,3,1,0,200.0,1,3,50,1,1,1,1,1,1,1,0.06
0,4,4,0,150.0,1,5,46,1,1,1,1,1,1,1,0.1087
0,4,4,0,150.0,1,5,51,1,1,1,1,1,1,1,0.098
0,4,4,0,150.0,1,9,57,1,1,1,1,1,1,1,0.1579
0,4,4,0,150.0,1,2,48,1,1,1,1,1,1,1,0.0417
0,4,4,0,150.0,1,3,17,1,1,1,1,1,1,1,0.1765
0,4,4,0,150.0,1,4,42,1,1,1,1,1,1,1,0.0952
0,4,4,0,150.0,1,7,35,1,1,1,1,1,1,1,0.2
0,4,4,0,150.0,1,1,51,1,1,1,1,1,1,1,0.0196
0,4,4,0,150.0,1,1,42,1,1,1,1,1,1,1,0.0238
0,4,4,0,150.0,1,1,53,1,1,1,1,1,1,1,0.0189
0,4,4,0,200.0,1,6,44,1,1,1,1,1,1,1,0.1364
0,4,4,0,150.0,4,1,33,1,1,1,1,1,1,1,0.0303
0,4,4,0,150.0,1,2,53,1,1,1,1,1,1,1,0.0377
0,4,4,0,200.0,4,4,24,1,1,1,1,1,1,1,0.1667
0,4,4,0,300.0,4,2,29,1,1,1,1,1,1,1,0.069
0,4,4,0,150.0,1,3,34,1,1,1,1,1,1,1,0.0882
0,4,4,0,150.0,1,2,37,1,1,1,1,1,1,1,0.0541
0,4,4,0,200.0,1,2,33,1,1,1,1,1,1,1,0.0606
0,4,4,0,200.0,4,1,26,1,1,1,1,1,1,1,0.0385
0,4,4,0,150.0,1,2,46,1,1,1,1,1,1,1,0.0435
0,4,4,0,150.0,1,3,40,1,1,1,1,1,1,1,0.075
0,4,4,0,150.0,1,4,38,1,1,1,1,1,1,1,0.1053
0,4,4,0,150.0,4,2,15,1,1,1,1,1,1,1,0.1333
0,4,4,0,300.0,4,2,27,1,1,1,1,1,1,1,0.0741
0,4,4,0,150.0,1,9,50,1,1,1,1,1,1,1,0.18
0,4,4,0,150.0,1,3,30,1,1,1,1,1,1,1,0.1
0,4,4,0,150.0,1,4,38,1,1,1,1,1,1,1,0.1053
0,4,4,0,300.0,4,1,34,1,1,1,1,1,1,1,0.0294
0,4,4,0,150.0,1,1,75,1,1,1,1,1,1,1,0.0133
0,4,4,0,150.0,1,6,44,1,1,1,1,1,1,1,0.1364
0,4,4,0,150.0,1,1,43,1,1,1,1,1,1,1,0.0233
0,4,4,0,150.0,1,1,43,1,1,1,1,1,1,1,0.0233
0,4,4,0,100.0,1,1,50,1,1,1,1,1,1,1,0.02
0,4,4,0,150.0,1,4,54,1,1,1,1,1,1,1,0.0741
0,4,4,0,150.0,1,4,42,1,1,1,1,1,1,1,0.0952
0,4,4,0,200.0,1,3,40,1,1,1,1,1,1,1,0.075
0,4,4,0,300.0,4,4,37,1,1,1,1,1,1,1,0.1081
0,4,4,0,200.0,4,6,33,1,1,1,1,1,1,1,0.1818
0,4,4,0,150.0,4,4,42,1,1,1,1,1,1,1,0.0952
0,4,4,0,150.0,1,1,108,1,1,1,1,1,1,1,0.0093
0,4,4,0,150.0,1,4,47,1,1,1,1,1,1,1,0.0851
0,4,4,0,150.0,1,1,45,1,1,1,1,1,1,1,0.0222
0,4,4,0,150.0,1,2,44,1,1,1,1,1,1,1,0.0455
0,4,4,0,150.0,4,1,28,1,1,1,1,1,1,1,0.0357
0,4,4,0,300.0,1,2,36,1,1,1,1,1,1,1,0.0556
0,4,4,0,300.0,4,2,34,1,1,1,1,1,1,1,0.0588
0,4,4,0,200.0,1,2,37,1,1,1,1,1,1,1,0.0541
0,4,4,0,150.0,1,3,32,1,1,1,1,1,1,1,0.0938
0,4,4,0,150.0,1,1,34,1,1,1,1,1,1,1,0.0294
0,4,4,0,150.0,1,3,44,1,1,1,1,1,1,1,0.0682
0,4,4,0,200.0,1,1,98,1,1,1,1,1,1,1,0.0102
0,4,4,0,300.0,1,3,39,1,1,1,1,1,1,1,0.0769
0,4,4,0,150.0,4,2,41,1,1,1,1,1,1,1,0.0488
0,4,4,0,300.0,4,1,12,1,1,1,1,1,1,1,0.0833
0,4,4,0,150.0,1,6,43,1,1,1,1,1,1,1,0.1395
0,4,4,0,200.0,4,1,17,1,1,1,1,1,1,1,0.0588
0,4,4,0,150.0,6,1,2,1,1,1,1,1,1,1,0.5
0,4,4,0,150.0,4,3,32,1,1,1,1,1,1,1,0.0938
0,4,4,0,150.0,1,1,55,1,1,1,1,1,1,1,0.0182
0,4,4,0,150.0,1,5,51,1,1,1,1,1,1,1,0.098
0,4,4,0,150.0,1,6,42,1,1,1,1,1,1,1,0.1429
0,4,4,0,150.0,1,5,33,1,1,1,1,1,1,1,0.1515
0,4,4,0,200.0,1,2,44,1,1,1,1,1,1,1,0.0455
0,4,2,0,100.0,4,2,44,1,1,1,1,1,1,1,0.0455
0,4,0,0,150.0,1,1,58,1,1,1,1,1,1,1,0.0172
0,4,4,0,150.0,4,2,45,1,1,1,1,1,1,1,0.0444
0,4,2,0,150.0,1,6,46,1,1,1,1,1,1,1,0.1304
0,4,0,0,200.0,1,6,50,1,1,1,1,1,1,1,0.12
0,4,4,0,150.0,1,3,45,1,1,1,1,1,1,1,0.0667
0,4,0,0,100.0,1,2,54,1,1,1,1,1,1,1,0.037
0,4,4,0,150.0,1,4,56,1,1,1,1,1,1,1,0.0714
0,4,4,0,150.0,1,6,38,1,1,1,1,1,1,1,0.1579
0,4,4,0,150.0,1,2,36,1,1,1,1,1,1,1,0.0556
0,4,4,0,200.0,4,2,35,1,1,1,1,1,1,1,0.0571
0,4,4,0,150.0,1,2,46,1,1,1,1,1,1,1,0.0435
0,4,4,0,300.0,4,9,38,1,1,1,1,1,1,1,0.2368
0,4,4,0,150.0,1,6,37,1,1,1,1,1,1,1,0.1622
0,4,4,0,450.0,1,6,68,1,1,1,1,1,1,1,0.0882
0,4,4,0,150.0,1,4,42,1,1,1,1,1,1,1,0.0952
0,4,4,0,150.0,1,6,55,1,1,1,1,1,1,1,0.1091
0,4,4,0,150.0,1,4,50,1,1,1,1,1,1,1,0.08
0,4,4,0,150.0,4,2,40,1,1,1,1,1,1,1,0.05
0,4,4,0,150.0,1,2,40,1,1,1,1,1,1,1,0.05
0,4,4,0,150.0,4,2,32,1,1,1,1,1,1,1,0.0625
0,4,4,0,200.0,4,5,32,1,1,1,1,1,1,1,0.1562
0,4,4,0,150.0,1,2,47,1,1,1,1,1,1,1,0.0426
0,4,4,0,150.0,1,1,78,1,1,1,1,1,1,1,0.0128
0,4,4,0,450.0,3,3,12,1,1,1,1,1,1,1,0.25
0,4,4,0,150.0,1,2,51,1,1,1,1,1,1,1,0.0392
0,4,4,0,150.0,1,1,30,1,1,1,1,1,1,1,0.0333
0,4,4,0,150.0,1,2,49,1,1,1,1,1,1,1,0.0408
0,4,4,0,150.0,6,2,4,1,1,1,1,1,1,1,0.5
0,4,4,0,150.0,1,3,62,1,1,1,1,1,1,1,0.0484
0,4,4,0,150.0,1,4,45,1,1,1,1,1,1,1,0.0889
0,4,4,0,150.0,1,6,48,1,1,1,1,1,1,1,0.125
0,4,4,0,150.0,1,3,62,1,1,1,1,1,1,1,0.0484
0,4,4,0,150.0,1,2,43,1,1,1,1,1,1,1,0.0465
0,4,4,0,150.0,1,3,37,1,1,1,1,1,1,1,0.0811
0,4,4,0,150.0,1,4,38,1,1,1,1,1,1,1,0.1053
0,4,4,0,150.0,1,7,35,1,1,1,1,1,1,1,0.2
0,4,4,0,50.0,6,1,0,1,1,1,1,1,1,1,inf
0,4,4,0,150.0,1,2,81,1,1,1,1,1,1,1,0.0247
0,4,4,0,150.0,1,1,55,1,1,1,1,1,1,1,0.0182
0,4,4,0,150.0,1,2,32,1,1,1,1,1,1,1,0.0625
0,4,4,0,150.0,1,4,47,1,1,1,1,1,1,1,0.0851
0,4,4,0,150.0,1,1,44,1,1,1,1,1,1,1,0.0227
0,4,4,0,150.0,1,4,42,1,1,1,1,1,1,1,0.0952
0,4,4,0,150.0,1,1,46,1,1,1,1,1,1,1,0.0217
0,4,4,0,150.0,4,7,28,1,1,1,1,1,1,1,0.25
0,4,4,0,150.0,1,2,51,1,1,1,1,1,1,1,0.0392
0,4,4,0,300.0,4,1,35,1,1,1,1,1,1,1,0.0286
0,4,4,0,150.0,1,2,81,1,1,1,1,1,1,1,0.0247
0,4,4,0,150.0,1,4,45,1,1,1,1,1,1,1,0.0889
0,4,4,0,150.0,1,1,34,1,1,1,1,1,1,1,0.0294
0,4,4,0,150.0,1,1,45,1,1,1,1,1,1,1,0.0222
0,4,4,0,150.0,1,3,31,1,1,1,1,1,1,1,0.0968
0,4,4,0,150.0,1,4,47,1,1,1,1,1,1,1,0.0851
0,4,4,0,300.0,4,6,29,1,1,1,1,1,1,1,0.2069
0,4,4,0,150.0,4,1,21,1,1,1,1,1,1,1,0.0476
0,4,4,0,150.0,4,2,27,1,1,1,1,1,1,1,0.0741
0,4,4,0,150.0,1,1,55,1,1,1,1,1,1,1,0.0182
0,4,4,0,300.0,1,4,43,1,1,1,1,1,1,1,0.093
0,4,4,0,150.0,4,3,24,1,1,1,1,1,1,1,0.125
0,4,4,0,150.0,1,5,46,1,1,1,1,1,1,1,0.1087
0,4,4,0,150.0,1,3,38,1,1,1,1,1,1,1,0.0789
0,4,4,0,150.0,1,3,46,1,1,1,1,1,1,1,0.0652
0,4,4,0,150.0,1,8,39,1,1,1,1,1,1,1,0.2051
0,4,4,0,300.0,4,1,33,1,1,1,1,1,1,1,0.0303
0,4,4,0,150.0,1,11,45,1,1,1,1,1,1,1,0.2444
0,4,4,0,1200.0,3,3,8,1,1,1,1,1,1,1,0.375
0,4,4,0,200.0,1,4,42,1,1,1,1,1,1,1,0.0952
0,4,4,0,300.0,4,2,23,1,1,1,1,1,1,1,0.087
0,4,4,0,150.0,4,2,33,1,1,1,1,1,1,1,0.0606
0,4,4,0,200.0,4,1,35,1,1,1,1,1,1,1,0.0286
0,4,4,0,150.0,1,3,41,1,1,1,1,1,1,1,0.0732
0,4,4,0,100.0,1,5,43,1,1,1,1,1,1,1,0.1163
0,4,4,0,150.0,1,1,66,1,1,1,1,1,1,1,0.0152
0,4,4,0,300.0,1,3,40,1,1,1,1,1,1,1,0.075
0,4,4,0,150.0,1,2,44,1,1,1,1,1,1,1,0.0455
0,4,4,0,150.0,1,12,48,1,1,1,1,1,1,1,0.25
0,4,4,0,150.0,1,2,42,1,1,1,1,1,1,1,0.0476
0,4,4,0,150.0,1,2,40,1,1,1,1,1,1,1,0.05
0,4,4,0,200.0,1,1,40,1,1,1,1,1,1,1,0.025
0,4,4,0,150.0,4,2,27,1,1,1,1,1,1,1,0.0741
0,4,4,0,150.0,1,2,38,1,1,1,1,1,1,1,0.0526
0,4,4,0,150.0,4,7,27,1,1,1,1,1,1,1,0.2593
0,4,4,0,450.0,1,1,48,1,1,1,1,1,1,1,0.0208
0,4,4,0,150.0,1,1,46,1,1,1,1,1,1,1,0.0217
0,4,4,0,300.0,1,4,36,1,1,1,1,1,1,1,0.1111
0,4,4,0,150.0,1,1,44,1,1,1,1,1,1,1,0.0227
0,4,4,0,150.0,1,1,39,1,1,1,1,1,1,1,0.0256
0,4,4,0,150.0,1,5,31,1,1,1,1,1,1,1,0.1613
0,4,4,0,150.0,1,2,55,1,1,1,1,1,1,1,0.0364
0,4,4,0,200.0,1,6,43,1,1,1,1,1,1,1,0.1395
0,4,4,0,300.0,4,1,32,1,1,1,1,1,1,1,0.0312
0,4,4,0,150.0,1,3,35,1,1,1,1,1,1,1,0.0857
0,4,4,0,150.0,1,2,41,1,1,1,1,1,1,1,0.0488
0,4,4,0,150.0,6,9,28,1,1,1,1,1,1,1,0.3214
0,4,4,0,150.0,6,1,15,1,1,1,1,1,1,1,0.0667
0,4,4,0,200.0,1,2,51,1,1,1,1,1,1,1,0.0392
0,4,4,0,150.0,4,4,43,1,1,1,1,1,1,1,0.093
0,4,4,0,150.0,1,4,42,1,1,1,1,1,1,1,0.0952
0,4,4,0,150.0,1,1,48,1,1,1,1,1,1,1,0.0208
0,4,4,0,50.0,6,3,0,1,1,1,1,1,1,1,inf
0,4,4,0,150.0,1,3,43,1,1,1,1,1,1,1,0.0698
0,4,4,0,150.0,1,7,35,1,1,1,1,1,1,1,0.2
0,4,4,0,150.0,1,1,39,1,1,1,1,1,1,1,0.0256
0,4,4,0,150.0,1,6,52,1,1,1,1,1,1,1,0.1154
0,4,4,0,150.0,1,1,48,1,1,1,1,1,1,1,0.0208
0,4,4,0,150.0,4,4,38,1,1,1,1,1,1,1,0.1053
0,4,4,0,150.0,1,3,40,1,1,1,1,1,1,1,0.075
0,4,4,0,150.0,1,3,53,1,1,1,1,1,1,1,0.0566
0,4,4,0,150.0,1,2,59,1,1,1,1,1,1,1,0.0339
0,4,1,0,150.0,1,3,24,1,1,1,1,1,1,1,0.125
0,4,1,0,150.0,1,3,54,1,1,1,1,1,1,1,0.0556
0,4,4,0,150.0,4,4,39,1,1,1,1,1,1,1,0.1026
0,4,4,0,150.0,4,1,22,1,1,1,1,1,1,1,0.0455
0,4,4,0,200.0,6,1,3,1,1,1,1,1,1,1,0.3333
0,4,4,0,150.0,1,1,37,1,1,1,1,1,1,1,0.027
0,4,4,0,200.0,1,1,35,1,1,1,1,1,1,1,0.0286
0,4,4,0,450.0,4,1,43,1,1,1,1,1,1,1,0.0233
0,4,4,0,150.0,6,9,29,1,1,1,1,1,1,1,0.3103
0,4,4,0,150.0,6,5,1,1,1,1,1,1,1,1,5.0
0,4,4,0,200.0,4,5,32,1,1,1,1,1,1,1,0.1562
0,4,4,0,100.0,1,3,46,1,1,1,1,1,1,1,0.0652
0,4,4,0,150.0,1,4,40,1,1,1,1,1,1,1,0.1
0,4,4,0,150.0,4,7,37,1,1,1,1,1,1,1,0.1892
0,4,4,0,150.0,4,1,38,1,1,1,1,1,1,1,0.0263
0,4,4,0,150.0,1,3,40,1,1,1,1,1,1,1,0.075
0,4,4,0,150.0,1,6,45,1,1,1,1,1,1,1,0.1333
0,4,4,0,300.0,4,3,27,1,1,1,1,1,1,1,0.1111
0,4,4,0,150.0,1,4,28,1,1,1,1,1,1,1,0.1429
0,4,4,0,150.0,1,2,33,1,1,1,1,1,1,1,0.0606
0,4,4,0,150.0,1,6,44,1,1,1,1,1,1,1,0.1364
0,4,4,0,150.0,1,4,53,1,1,1,1,1,1,1,0.0755
0,4,4,0,150.0,1,7,41,1,1,1,1,1,1,1,0.1707
0,4,4,0,150.0,4,7,30,1,1,1,1,1,1,1,0.2333
0,4,4,0,150.0,1,1,48,1,1,1,1,1,1,1,0.0208
0,4,4,0,100.0,4,1,39,1,1,1,1,1,1,1,0.0256
0,4,4,0,300.0,4,9,34,1,1,1,1,1,1,1,0.2647
0,4,4,0,150.0,1,1,55,1,1,1,1,1,1,1,0.0182
0,4,4,0,200.0,1,2,39,1,1,1,1,1,1,1,0.0513
0,4,4,0,300.0,1,1,47,1,1,1,1,1,1,1,0.0213
0,4,4,0,300.0,4,1,10,1,1,1,1,1,1,1,0.1
0,4,4,0,150.0,6,1,0,1,1,1,1,1,1,1,inf
0,4,4,0,150.0,4,7,39,1,1,1,1,1,1,1,0.1795
0,4,4,0,150.0,4,2,27,1,1,1,1,1,1,1,0.0741
0,4,4,0,150.0,1,7,43,1,1,1,1,1,1,1,0.1628
0,4,4,0,150.0,1,6,40,1,1,1,1,1,1,1,0.15
0,4,4,0,150.0,1,4,46,1,1,1,1,1,1,1,0.087
0,4,4,0,150.0,1,3,46,1,1,1,1,1,1,1,0.0652
0,4,4,0,200.0,1,7,46,1,1,1,1,1,1,1,0.1522
0,4,4,0,300.0,1,1,39,1,1,1,1,1,1,1,0.0256
0,4,4,0,200.0,1,2,33,1,1,1,1,1,1,1,0.0606
0,4,4,0,300.0,4,2,26,1,1,1,1,1,1,1,0.0769
0,4,4,0,150.0,1,1,43,1,1,1,1,1,1,1,0.0233
0,4,4,0,300.0,4,1,24,1,1,1,1,1,1,1,0.0417
0,4,4,0,150.0,1,1,61,1,1,1,1,1,1,1,0.0164
0,4,2,0,150.0,1,2,53,1,1,1,1,1,1,1,0.0377
0,4,4,0,150.0,1,4,77,1,1,1,1,1,1,1,0.0519
0,4,4,0,150.0,1,5,44,1,1,1,1,1,1,1,0.1136
0,4,4,0,150.0,1,6,41,1,1,1,1,1,1,1,0.1463
0,4,4,0,150.0,1,2,40,1,1,1,1,1,1,1,0.05
0,4,4,0,150.0,1,1,47,1,1,1,1,1,1,1,0.0213
0,4,4,0,150.0,1,6,55,1,1,1,1,1,1,1,0.1091
0,4,4,0,150.0,6,1,1,1,1,1,1,1,1,1,1.0
0,4,4,0,200.0,1,3,39,1,1,1,1,1,1,1,0.0769
0,4,4,0,150.0,4,6,30,1,1,1,1,1,1,1,0.2
0,4,4,0,100.0,1,1,47,1,1,1,1,1,1,1,0.0213
0,4,4,0,200.0,1,1,65,1,1,1,1,1,1,1,0.0154
0,4,4,0,150.0,1,1,51,1,1,1,1,1,1,1,0.0196
0,4,4,0,100.0,1,2,40,1,1,1,1,1,1,1,0.05
0,4,4,0,300.0,4,2,20,1,1,1,1,1,1,1,0.1
0,4,4,0,150.0,1,4,42,1,1,1,1,1,1,1,0.0952
0,4,4,0,150.0,1,5,48,1,1,1,1,1,1,1,0.1042
0,4,4,0,150.0,1,4,38,1,1,1,1,1,1,1,0.1053
0,4,4,0,300.0,1,4,34,1,1,1,1,1,1,1,0.1176
0,4,4,0,200.0,1,5,52,1,1,1,1,1,1,1,0.0962
0,4,4,0,100.0,4,2,47,1,1,1,1,1,1,1,0.0426
0,4,4,0,150.0,4,6,29,1,1,1,1,1,1,1,0.2069
0,4,4,0,200.0,1,1,40,1,1,1,1,1,1,1,0.025
0,4,4,0,150.0,4,6,42,1,1,1,1,1,1,1,0.1429
0,4,4,0,200.0,1,1,61,1,1,1,1,1,1,1,0.0164
0,4,4,0,150.0,1,6,43,1,1,1,1,1,1,1,0.1395
0,4,4,0,150.0,1,1,49,1,1,1,1,1,1,1,0.0204
0,4,4,0,150.0,6,9,20,1,1,1,1,1,1,1,0.45
0,4,4,0,200.0,1,2,45,1,1,1,1,1,1,1,0.0444
0,4,4,0,150.0,1,4,43,1,1,1,1,1,1,1,0.093
0,4,4,0,150.0,1,3,38,1,1,1,1,1,1,1,0.0789
0,4,4,0,150.0,4,3,31,1,1,1,1,1,1,1,0.0968
0,4,4,0,300.0,1,3,33,1,1,1,1,1,1,1,0.0909
0,4,4,0,200.0,1,7,45,1,1,1,1,1,1,1,0.1556
0,4,4,0,100.0,1,1,46,1,1,1,1,1,1,1,0.0217
0,4,4,0,200.0,4,1,34,1,1,1,1,1,1,1,0.0294
0,4,4,0,150.0,1,12,46,1,1,1,1,1,1,1,0.2609
0,4,4,0,150.0,4,3,33,1,1,1,1,1,1,1,0.0909
0,4,4,0,300.0,4,9,34,1,1,1,1,1,1,1,0.2647
0,4,4,0,150.0,1,2,47,1,1,1,1,1,1,1,0.0426
0,4,4,0,150.0,1,4,40,1,1,1,1,1,1,1,0.1
0,4,4,0,150.0,1,1,50,1,1,1,1,1,1,1,0.02
0,4,4,0,150.0,1,4,44,1,1,1,1,1,1,1,0.0909
0,4,4,0,150.0,1,11,43,1,1,1,1,1,1,1,0.2558
0,4,4,0,150.0,1,4,34,1,1,1,1,1,1,1,0.1176
0,4,4,0,150.0,1,6,37,1,1,1,1,1,1,1,0.1622
0,4,4,0,150.0,1,2,58,1,1,1,1,1,1,1,0.0345
0,4,4,0,200.0,1,5,37,1,1,1,1,1,1,1,0.1351
0,4,4,0,150.0,1,2,52,1,1,1,1,1,1,1,0.0385
0,4,4,0,150.0,1,6,54,1,1,1,1,1,1,1,0.1111
0,4,4,0,300.0,4,1,32,1,1,1,1,1,1,1,0.0312
0,4,4,0,150.0,4,7,33,1,1,1,1,1,1,1,0.2121
0,4,4,0,300.0,1,2,46,1,1,1,1,1,1,1,0.0435
0,4,4,0,150.0,1,5,43,1,1,1,1,1,1,1,0.1163
0,4,4,0,150.0,1,4,34,1,1,1,1,1,1,1,0.1176
0,4,4,0,200.0,1,6,41,1,1,1,1,1,1,1,0.1463
0,4,4,0,150.0,1,9,46,1,1,1,1,1,1,1,0.1957
0,4,4,0,150.0,1,5,37,1,1,1,1,1,1,1,0.1351
0,4,4,0,300.0,4,2,25,1,1,1,1,1,1,1,0.08
0,4,4,0,150.0,1,1,41,1,1,1,1,1,1,1,0.0244
0,4,4,0,150.0,1,4,35,1,1,1,1,1,1,1,0.1143
0,4,4,0,300.0,1,1,40,1,1,1,1,1,1,1,0.025
0,4,4,0,150.0,1,3,50,1,1,1,1,1,1,1,0.06
0,4,4,0,450.0,1,6,68,1,1,1,1,1,1,1,0.0882
0,4,4,0,150.0,1,8,44,1,1,1,1,1,1,1,0.1818
0,4,4,0,150.0,4,4,34,1,1,1,1,1,1,1,0.1176
0,4,4,0,150.0,1,2,40,1,1,1,1,1,1,1,0.05
0,4,4,0,150.0,1,7,45,1,1,1,1,1,1,1,0.1556
0,4,4,0,150.0,4,2,29,1,1,1,1,1,1,1,0.069
0,4,4,0,150.0,4,2,28,1,1,1,1,1,1,1,0.0714
0,4,4,0,200.0,4,2,38,1,1,1,1,1,1,1,0.0526
0,4,4,0,450.0,4,1,34,1,1,1,1,1,1,1,0.0294
0,4,4,0,200.0,4,1,39,1,1,1,1,1,1,1,0.0256
0,4,4,0,200.0,1,2,45,1,1,1,1,1,1,1,0.0444
0,4,4,0,150.0,1,4,42,1,1,1,1,1,1,1,0.0952
0,4,4,0,150.0,1,2,54,1,1,1,1,1,1,1,0.037
0,4,4,0,150.0,4,7,33,1,1,1,1,1,1,1,0.2121
0,4,4,0,150.0,1,3,45,1,1,1,1,1,1,1,0.0667
0,4,4,0,150.0,1,1,55,1,1,1,1,1,1,1,0.0182
0,4,4,0,150.0,1,3,40,1,1,1,1,1,1,1,0.075
0,4,4,0,150.0,1,4,49,1,1,1,1,1,1,1,0.0816
0,4,4,0,300.0,4,2,25,1,1,1,1,1,1,1,0.08
0,4,4,0,150.0,6,3,4,1,1,1,1,1,1,1,0.75
0,4,4,0,150.0,6,9,29,1,1,1,1,1,1,1,0.3103
0,4,4,0,300.0,1,3,33,1,1,1,1,1,1,1,0.0909
0,4,4,0,150.0,1,3,38,1,1,1,1,1,1,1,0.0789
0,4,4,0,150.0,1,5,42,1,1,1,1,1,1,1,0.119
0,4,4,0,150.0,1,7,32,1,1,1,1,1,1,1,0.2188
0,4,4,0,300.0,1,1,48,1,1,1,1,1,1,1,0.0208
0,4,4,0,300.0,4,6,30,1,1,1,1,1,1,1,0.2
0,4,4,0,150.0,1,3,47,1,1,1,1,1,1,1,0.0638
0,4,4,0,150.0,1,5,35,1,1,1,1,1,1,1,0.1429
0,4,4,0,300.0,4,5,40,1,1,1,1,1,1,1,0.125
0,4,4,0,150.0,1,1,43,1,1,1,1,1,1,1,0.0233
0,4,4,0,200.0,4,3,32,1,1,1,1,1,1,1,0.0938
0,4,4,0,150.0,4,1,37,1,1,1,1,1,1,1,0.027
0,4,4,0,150.0,4,2,28,1,1,1,1,1,1,1,0.0714
0,4,4,0,200.0,1,2,36,1,1,1,1,1,1,1,0.0556
0,4,4,0,150.0,1,7,38,1,1,1,1,1,1,1,0.1842
0,4,4,0,150.0,1,1,47,1,1,1,1,1,1,1,0.0213
0,4,4,0,150.0,1,4,42,1,1,1,1,1,1,1,0.0952
0,4,4,0,200.0,1,4,49,1,1,1,1,1,1,1,0.0816
0,4,4,0,150.0,1,1,61,1,1,1,1,1,1,1,0.0164
0,4,4,0,150.0,1,7,35,1,1,1,1,1,1,1,0.2
0,4,4,0,150.0,4,1,34,1,1,1,1,1,1,1,0.0294
0,4,4,0,150.0,1,6,35,1,1,1,1,1,1,1,0.1714
0,4,4,0,150.0,1,2,53,1,1,1,1,1,1,1,0.0377
0,4,4,0,150.0,1,5,48,1,1,1,1,1,1,1,0.1042
0,4,4,0,300.0,6,1,4,1,1,1,1,1,1,1,0.25
0,4,4,0,150.0,1,2,35,1,1,1,1,1,1,1,0.0571
0,4,4,0,150.0,1,1,45,1,1,1,1,1,1,1,0.0222
0,4,4,0,150.0,6,9,41,1,1,1,1,1,1,1,0.2195
0,4,4,0,150.0,1,10,46,1,1,1,1,1,1,1,0.2174
0,4,4,0,150.0,1,7,40,1,1,1,1,1,1,1,0.175
0,4,4,0,300.0,4,2,30,1,1,1,1,1,1,1,0.0667
0,4,4,0,150.0,1,2,51,1,1,1,1,1,1,1,0.0392
0,4,4,0,150.0,1,1,84,1,1,1,1,1,1,1,0.0119
0,4,4,0,150.0,4,1,5,1,1,1,1,1,1,1,0.2
0,4,4,0,150.0,4,3,29,1,1,1,1,1,1,1,0.1034
0,4,4,0,150.0,1,1,75,1,1,1,1,1,1,1,0.0133
0,4,4,0,150.0,1,6,46,1,1,1,1,1,1,1,0.1304
0,4,4,0,150.0,1,4,50,1,1,1,1,1,1,1,0.08
0,4,4,0,150.0,1,1,38,1,1,1,1,1,1,1,0.0263
0,4,4,0,200.0,1,2,35,1,1,1,1,1,1,1,0.0571
0,4,4,0,150.0,1,5,53,1,1,1,1,1,1,1,0.0943
0,4,4,0,150.0,1,1,39,1,1,1,1,1,1,1,0.0256
0,4,4,0,200.0,1,4,31,1,1,1,1,1,1,1,0.129
0,4,4,0,150.0,4,1,6,1,1,1,1,1,1,1,0.1667
0,4,4,0,150.0,1,7,51,1,1,1,1,1,1,1,0.1373
0,4,4,0,150.0,1,1,44,1,1,1,1,1,1,1,0.0227
0,4,4,0,300.0,4,1,27,1,1,1,1,1,1,1,0.037
0,4,4,0,150.0,1,4,42,1,1,1,1,1,1,1,0.0952
0,4,4,0,150.0,1,2,33,1,1,1,1,1,1,1,0.0606
0,4,4,0,150.0,4,7,43,1,1,1,1,1,1,1,0.1628
0,4,4,0,150.0,1,2,35,1,1,1,1,1,1,1,0.0571
0,4,4,0,150.0,1,2,46,1,1,1,1,1,1,1,0.0435
0,4,4,0,100.0,1,3,45,1,1,1,1,1,1,1,0.0667
0,4,4,0,150.0,1,3,32,1,1,1,1,1,1,1,0.0938
0,4,4,0,200.0,1,1,51,1,1,1,1,1,1,1,0.0196
0,4,4,0,150.0,1,12,52,1,1,1,1,1,1,1,0.2308
0,4,4,0,150.0,1,1,41,1,1,1,1,1,1,1,0.0244
0,4,4,0,150.0,1,5,44,1,1,1,1,1,1,1,0.1136
0,4,4,0,150.0,1,4,37,1,1,1,1,1,1,1,0.1081
0,4,4,0,150.0,1,4,50,1,1,1,1,1,1,1,0.08
0,4,4,0,150.0,1,3,33,1,1,1,1,1,1,1,0.0909
0,4,4,0,150.0,4,1,24,1,1,1,1,1,1,1,0.0417
0,4,4,0,150.0,1,1,54,1,1,1,1,1,1,1,0.0185
0,4,4,0,200.0,4,1,36,1,1,1,1,1,1,1,0.0278
0,4,4,0,150.0,4,4,33,1,1,1,1,1,1,1,0.1212
0,4,4,0,300.0,1,2,35,1,1,1,1,1,1,1,0.0571
0,4,4,0,200.0,1,2,43,1,1,1,1,1,1,1,0.0465
0,4,4,0,150.0,4,3,33,1,1,1,1,1,1,1,0.0909
0,4,4,0,150.0,4,6,28,1,1,1,1,1,1,1,0.2143
0,4,4,0,150.0,1,4,38,1,1,1,1,1,1,1,0.1053
0,4,4,0,200.0,1,1,39,1,1,1,1,1,1,1,0.0256
0,4,4,0,150.0,1,9,60,1,1,1,1,1,1,1,0.15
0,4,4,0,150.0,1,4,55,1,1,1,1,1,1,1,0.0727
0,4,4,0,200.0,4,2,48,1,1,1,1,1,1,1,0.0417
0,4,4,0,150.0,1,5,51,1,1,1,1,1,1,1,0.098
0,4,4,0,150.0,1,2,44,1,1,1,1,1,1,1,0.0455
0,4,4,0,450.0,4,3,36,1,1,1,1,1,1,1,0.0833
0,4,4,0,150.0,1,6,45,1,1,1,1,1,1,1,0.1333
0,4,4,0,150.0,1,3,46,1,1,1,1,1,1,1,0.0652
0,4,4,0,300.0,4,3,33,1,1,1,1,1,1,1,0.0909
0,4,4,0,150.0,1,1,47,1,1,1,1,1,1,1,0.0213
0,4,4,0,300.0,1,2,60,1,1,1,1,1,1,1,0.0333
0,4,4,0,150.0,1,10,51,1,1,1,1,1,1,1,0.1961
0,4,4,0,150.0,1,1,59,1,1,1,1,1,1,1,0.0169
0,4,4,0,300.0,4,1,39,1,1,1,1,1,1,1,0.0256
0,4,4,0,150.0,4,1,45,1,1,1,1,1,1,1,0.0222
0,4,4,0,150.0,1,4,56,1,1,1,1,1,1,1,0.0714
0,4,4,0,150.0,4,3,48,1,1,1,1,1,1,1,0.0625
0,4,4,0,150.0,1,4,45,1,1,1,1,1,1,1,0.0889
0,4,4,0,150.0,1,1,61,1,1,1,1,1,1,1,0.0164
0,4,4,0,150.0,1,4,40,1,1,1,1,1,1,1,0.1
0,4,4,0,150.0,1,1,51,1,1,1,1,1,1,1,0.0196
0,4,4,0,150.0,1,3,48,1,1,1,1,1,1,1,0.0625
0,4,4,0,150.0,4,2,37,1,1,1,1,1,1,1,0.0541
0,4,4,0,150.0,1,5,43,1,1,1,1,1,1,1,0.1163
0,4,4,0,150.0,1,3,36,1,1,1,1,1,1,1,0.0833
0,4,4,0,150.0,4,1,35,1,1,1,1,1,1,1,0.0286
0,4,4,0,600.0,3,1,17,1,1,1,1,1,1,1,0.0588
0,4,4,0,150.0,1,4,29,1,1,1,1,1,1,1,0.1379
0,4,4,0,150.0,1,6,34,1,1,1,1,1,1,1,0.1765
0,4,4,0,150.0,1,4,29,1,1,1,1,1,1,1,0.1379
0,4,4,0,150.0,1,4,52,1,1,1,1,1,1,1,0.0769
0,4,4,0,150.0,1,1,35,1,1,1,1,1,1,1,0.0286
0,4,4,0,150.0,4,3,38,1,1,1,1,1,1,1,0.0789
0,4,4,0,300.0,1,4,43,1,1,1,1,1,1,1,0.093
0,4,4,0,150.0,1,2,34,1,1,1,1,1,1,1,0.0588
0,4,4,0,150.0,1,4,42,1,1,1,1,1,1,1,0.0952
0,4,4,0,200.0,1,2,42,1,1,1,1,1,1,1,0.0476
0,4,2,0,150.0,4,1,29,1,1,1,1,1,1,1,0.0345
0,4,4,0,150.0,1,4,51,1,1,1,1,1,1,1,0.0784
0,4,4,0,150.0,4,1,32,1,1,1,1,1,1,1,0.0312
0,4,4,0,150.0,1,4,27,1,1,1,1,1,1,1,0.1481
0,4,4,0,150.0,1,1,55,1,1,1,1,1,1,1,0.0182
0,4,4,0,150.0,1,1,56,1,1,1,1,1,1,1,0.0179
0,4,4,0,150.0,1,5,48,1,1,1,1,1,1,1,0.1042
0,4,4,0,150.0,1,4,71,1,1,1,1,1,1,1,0.0563
0,4,4,0,150.0,1,7,41,1,1,1,1,1,1,1,0.1707
0,4,4,0,150.0,1,2,48,1,1,1,1,1,1,1,0.0417
0,4,4,0,150.0,1,7,48,1,1,1,1,1,1,1,0.1458
0,4,4,0,200.0,1,4,48,1,1,1,1,1,1,1,0.0833
0,4,4,0,300.0,4,3,33,1,1,1,1,1,1,1,0.0909
0,4,4,0,150.0,4,1,29,1,1,1,1,1,1,1,0.0345
0,4,4,0,150.0,1,4,31,1,1,1,1,1,1,1,0.129
0,4,4,0,200.0,4,6,41,1,1,1,1,1,1,1,0.1463
0,4,4,0,150.0,1,4,46,1,1,1,1,1,1,1,0.087
0,4,4,0,150.0,1,1,49,1,1,1,1,1,1,1,0.0204
0,4,4,0,450.0,1,1,61,1,1,1,1,1,1,1,0.0164
0,4,4,0,150.0,1,4,35,1,1,1,1,1,1,1,0.1143
0,4,4,0,150.0,1,3,40,1,1,1,1,1,1,1,0.075
0,4,4,0,150.0,4,3,34,1,1,1,1,1,1,1,0.0882
0,4,4,0,150.0,1,1,51,1,1,1,1,1,1,1,0.0196
0,0,0,0,200.0,1,3,47,1,1,1,1,1,1,1,0.0638
0,4,2,0,750.0,3,1,20,1,1,1,1,1,1,1,0.05
0,4,4,0,200.0,4,6,41,1,1,1,1,1,1,1,0.1463
0,4,4,0,150.0,4,1,39,1,1,1,1,1,1,1,0.0256
0,4,4,0,150.0,1,4,61,1,1,1,1,1,1,1,0.0656
0,4,4,0,150.0,1,5,57,1,1,1,1,1,1,1,0.0877
0,4,4,0,150.0,1,1,41,1,1,1,1,1,1,1,0.0244
0,4,4,0,150.0,4,3,44,1,1,1,1,1,0,1,0.0682
0,4,4,0,150.0,1,3,53,1,1,1,1,1,1,1,0.0566
0,4,4,0,150.0,1,2,62,1,1,1,1,1,1,1,0.0323
0,4,4,0,150.0,1,4,58,1,1,1,1,1,1,1,0.069
0,4,4,0,200.0,1,2,58,1,1,1,1,1,1,1,0.0345
0,4,4,0,200.0,4,2,51,1,1,1,1,1,1,1,0.0392
0,4,4,0,300.0,1,2,60,1,1,1,1,1,0,1,0.0333
0,4,4,0,150.0,1,3,55,1,1,1,1,1,1,1,0.0545
0,4,4,0,150.0,1,5,55,1,1,1,1,1,1,1,0.0909
0,4,4,0,150.0,4,2,51,1,1,1,1,1,1,1,0.0392
0,4,4,0,150.0,1,3,59,1,1,1,1,1,1,1,0.0508
0,4,4,0,150.0,1,1,56,1,1,1,1,1,1,1,0.0179
0,4,4,0,150.0,1,3,43,1,1,1,1,1,1,1,0.0698
0,4,4,0,150.0,1,1,51,1,1,1,1,1,1,1,0.0196
0,4,4,0,150.0,1,3,49,1,1,1,1,1,1,1,0.0612
0,4,4,0,300.0,1,4,48,1,1,1,1,1,0,1,0.0833
0,4,4,0,150.0,1,1,65,1,1,1,1,1,1,1,0.0154
0,4,4,0,150.0,4,2,49,1,1,1,1,1,1,1,0.0408
0,4,4,0,150.0,4,2,49,1,1,1,1,1,1,1,0.0408
0,4,4,0,200.0,1,2,57,1,1,1,1,1,1,1,0.0351
0,4,4,0,300.0,4,9,46,1,1,1,1,1,1,1,0.1957
0,4,4,0,300.0,4,3,1,1,1,1,1,1,1,1,3.0
0,4,4,0,150.0,4,1,31,1,1,1,1,1,1,1,0.0323
0,4,4,0,300.0,6,2,14,1,1,1,1,1,1,1,0.1429
0,4,4,0,150.0,7,1,0,1,1,1,1,1,0,1,inf
0,4,4,0,150.0,1,4,58,1,1,1,1,1,1,1,0.069
0,4,4,0,300.0,4,5,49,1,1,1,1,1,1,1,0.102
0,4,4,0,200.0,4,1,43,1,1,1,1,1,1,1,0.0233
0,4,4,0,200.0,4,1,51,1,1,1,1,1,1,1,0.0196
0,4,4,0,150.0,4,1,30,1,1,1,1,1,1,1,0.0333
0,4,4,0,200.0,4,1,38,1,1,1,1,1,1,1,0.0263
0,4,4,0,200.0,4,2,38,1,1,1,1,1,1,1,0.0526
0,4,4,0,150.0,1,6,55,1,1,1,1,1,1,1,0.1091
0,4,4,0,200.0,1,4,64,1,1,1,1,1,1,1,0.0625
0,4,4,0,150.0,1,11,58,1,1,1,1,1,1,1,0.1897
0,4,4,0,150.0,1,1,92,1,1,1,1,1,1,1,0.0109
0,4,4,0,300.0,4,1,34,1,1,1,1,1,1,1,0.0294
0,1,1,0,200.0,4,1,44,1,1,1,1,1,1,1,0.0227
0,1,0,0,150.0,1,3,54,1,1,1,1,1,1,1,0.0556
0,0,1,0,150.0,1,2,45,1,1,1,1,1,1,1,0.0444
0,3,1,0,200.0,1,3,47,1,1,1,1,1,1,1,0.0638
0,0,1,0,150.0,4,4,47,1,1,1,1,1,1,1,0.0851
0,0,0,0,300.0,4,1,47,1,1,1,1,1,1,1,0.0213
0,0,1,0,150.0,1,5,45,1,1,1,1,1,1,1,0.1111
0,0,1,0,300.0,1,1,48,1,1,1,1,1,1,1,0.0208
0,0,1,0,150.0,1,2,53,1,1,1,1,1,1,1,0.0377
0,1,6,0,200.0,4,1,36,1,1,1,1,1,1,1,0.0278
0,0,1,0,150.0,1,1,56,1,1,1,1,1,1,1,0.0179
0,1,1,0,150.0,1,1,49,1,1,1,1,1,1,1,0.0204
0,0,1,0,200.0,1,1,54,1,1,1,1,1,1,1,0.0185
0,1,1,0,150.0,1,2,53,1,1,1,1,1,1,1,0.0377
0,0,1,0,300.0,1,1,52,1,1,1,1,1,1,1,0.0192
0,0,1,0,150.0,1,2,45,1,1,1,1,1,1,1,0.0444
0,1,1,0,450.0,0,1,51,1,1,1,1,1,1,1,0.0196
0,0,6,0,150.0,1,4,53,1,1,1,1,1,1,1,0.0755
0,0,1,0,150.0,1,7,54,1,1,1,1,1,1,1,0.1296
0,0,1,0,200.0,1,1,50,1,1,1,1,1,1,1,0.02
0,0,0,0,150.0,1,2,49,1,1,1,1,1,1,1,0.0408
0,1,1,0,150.0,1,2,47,1,1,1,1,1,1,1,0.0426
0,0,1,0,150.0,1,4,52,1,1,1,1,1,1,1,0.0769
0,1,1,0,150.0,1,1,59,1,1,1,1,1,1,1,0.0169
0,0,1,0,150.0,1,6,50,1,1,1,1,1,1,1,0.12
0,0,4,0,200.0,1,2,51,1,1,1,1,1,1,1,0.0392
0,0,0,0,150.0,1,2,49,1,1,1,1,1,1,1,0.0408
0,0,0,0,150.0,1,1,52,1,1,1,1,1,1,1,0.0192
0,0,2,0,200.0,4,2,41,1,1,1,1,1,1,1,0.0488
0,0,5,0,150.0,1,5,49,1,1,1,1,1,1,1,0.102
0,0,4,0,150.0,1,4,41,1,1,1,1,1,1,1,0.0976
0,0,4,0,150.0,1,4,47,1,1,1,1,1,1,1,0.0851
0,1,1,0,300.0,4,2,32,1,1,1,1,1,1,1,0.0625
0,0,0,0,200.0,1,2,40,1,1,1,1,1,1,1,0.05
0,0,3,0,150.0,1,4,50,1,1,1,1,1,1,1,0.08
0,1,1,0,150.0,1,4,54,1,1,1,1,1,1,1,0.0741
0,0,0,0,150.0,1,3,53,1,1,1,1,1,1,1,0.0566
0,1,0,0,150.0,1,2,85,1,1,1,1,1,1,1,0.0235
0,0,0,0,150.0,1,1,53,1,1,1,1,1,1,1,0.0189
0,1,1,0,150.0,1,2,52,1,1,1,1,1,1,1,0.0385
0,1,2,0,300.0,4,1,37,1,1,1,1,1,1,1,0.027
0,4,4,0,150.0,1,7,49,1,1,1,1,1,1,1,0.1429
0,0,4,0,150.0,1,4,40,1,1,1,1,1,1,1,0.1
0,0,1,0,150.0,1,9,51,1,1,1,1,1,1,1,0.1765
0,0,0,0,150.0,1,2,55,1,1,1,1,1,1,1,0.0364
0,0,2,0,150.0,1,8,52,1,1,1,1,1,1,1,0.1538
0,2,3,0,150.0,6,3,15,1,1,1,1,1,1,1,0.2
0,0,2,0,150.0,1,2,36,1,1,1,1,1,1,1,0.0556
0,0,0,0,150.0,1,3,42,1,1,1,1,1,1,1,0.0714
0,0,0,0,150.0,1,2,51,1,1,1,1,1,1,1,0.0392
0,0,4,0,200.0,1,1,46,1,1,1,1,1,1,1,0.0217
0,0,2,0,150.0,1,2,40,1,1,1,1,1,1,1,0.05
0,0,4,0,150.0,1,3,53,1,1,1,1,1,1,1,0.0566
0,2,0,0,150.0,1,1,55,1,1,1,1,1,1,1,0.0182
0,0,2,0,150.0,1,3,44,1,1,1,1,1,1,1,0.0682
0,0,5,0,150.0,1,2,52,1,1,1,1,1,1,1,0.0385
0,0,0,0,300.0,1,4,43,1,1,1,1,1,1,1,0.093
0,1,4,0,150.0,1,1,46,1,1,1,1,1,1,1,0.0217
0,0,4,0,150.0,1,4,41,1,1,1,1,1,1,1,0.0976
0,3,4,0,150.0,1,2,46,1,1,1,1,1,1,1,0.0435
0,0,1,0,150.0,1,8,51,1,1,1,1,1,1,1,0.1569
0,0,4,0,200.0,1,2,46,1,1,1,1,1,1,1,0.0435
0,0,1,0,150.0,1,1,55,1,1,1,1,1,1,1,0.0182
0,4,4,0,150.0,1,2,85,1,1,1,1,1,1,1,0.0235
0,0,5,0,150.0,1,2,57,1,1,1,1,1,1,1,0.0351
0,0,4,0,150.0,1,1,43,1,1,1,1,1,1,1,0.0233
0,0,4,0,150.0,1,1,54,1,1,1,1,1,1,1,0.0185
0,0,4,0,150.0,1,2,45,1,1,1,1,1,1,1,0.0444
0,2,0,0,150.0,1,12,59,1,1,1,1,1,1,1,0.2034
0,0,4,0,150.0,1,1,51,1,1,1,1,1,1,1,0.0196
0,0,2,0,150.0,1,3,44,1,1,1,1,1,1,1,0.0682
0,0,1,0,150.0,1,3,46,1,1,1,1,1,1,1,0.0652
0,0,0,0,200.0,1,5,50,1,1,1,1,1,1,1,0.1
0,0,0,0,150.0,1,2,49,1,1,1,1,1,1,1,0.0408
0,0,0,0,200.0,4,3,43,1,1,1,1,1,1,1,0.0698
0,0,1,0,150.0,1,4,46,1,1,1,1,1,1,1,0.087
0,0,0,0,150.0,1,3,48,1,1,1,1,1,1,1,0.0625
0,0,2,0,200.0,4,6,45,1,1,1,1,1,1,1,0.1333
0,0,0,0,200.0,1,2,53,1,1,1,1,1,1,1,0.0377
0,0,1,0,450.0,1,1,46,1,1,1,1,1,1,1,0.0217
0,1,2,0,150.0,4,4,41,1,1,1,1,1,1,1,0.0976
0,2,0,0,150.0,1,7,59,1,1,1,1,1,1,1,0.1186
0,0,1,0,150.0,1,7,48,1,1,1,1,1,1,1,0.1458
0,0,0,0,200.0,1,1,65,1,1,1,1,1,1,1,0.0154
0,0,0,0,150.0,1,4,56,1,1,1,1,1,1,1,0.0714
0,0,1,0,150.0,1,6,43,1,1,1,1,1,1,1,0.1395
0,0,2,0,150.0,1,1,40,1,1,1,1,1,1,1,0.025
0,0,0,0,150.0,1,1,54,1,1,1,1,1,1,1,0.0185
0,1,6,0,300.0,6,1,10,1,1,1,1,1,0,1,0.1
0,1,4,0,150.0,4,1,19,1,1,1,1,1,1,1,0.0526
0,4,0,0,150.0,1,2,57,1,1,1,1,1,1,1,0.0351
0,0,6,0,150.0,4,1,32,1,1,1,1,1,1,1,0.0312
0,0,0,0,150.0,1,3,52,1,1,1,1,1,1,1,0.0577
0,0,4,0,150.0,1,7,40,1,1,1,1,1,1,1,0.175
0,0,2,0,150.0,1,1,46,1,1,1,1,1,1,1,0.0217
0,0,6,0,150.0,1,3,51,1,1,1,1,1,1,1,0.0588
0,0,5,0,150.0,1,2,52,1,1,1,1,1,1,1,0.0385
0,0,0,0,450.0,1,1,50,1,1,1,1,1,1,1,0.02
0,0,0,0,150.0,1,5,47,1,1,1,1,1,1,1,0.1064
0,0,1,0,150.0,1,1,57,1,1,1,1,1,1,1,0.0175
0,0,3,0,150.0,1,4,41,1,1,1,1,1,1,1,0.0976
0,3,1,0,150.0,1,11,53,1,1,1,1,1,1,1,0.2075
0,0,0,0,100.0,1,3,55,1,1,1,1,1,1,1,0.0545
0,0,5,0,200.0,1,3,47,1,1,1,1,1,1,1,0.0638
0,1,1,0,150.0,1,1,53,1,1,1,1,1,1,1,0.0189
0,1,2,0,200.0,4,6,36,1,1,1,1,1,1,1,0.1667
0,1,4,0,150.0,1,2,49,1,1,1,1,1,1,1,0.0408
0,2,0,0,150.0,1,3,49,1,1,1,1,1,1,1,0.0612
0,2,1,0,150.0,1,12,58,1,1,1,1,1,1,1,0.2069
0,3,1,0,200.0,1,3,50,1,1,1,1,1,1,1,0.06
0,0,2,0,300.0,1,1,52,1,1,1,1,1,1,1,0.0192
0,0,1,0,150.0,1,1,45,1,1,1,1,1,1,1,0.0222
0,0,0,0,150.0,4,3,45,1,1,1,1,1,1,1,0.0667
0,0,2,0,150.0,1,3,43,1,1,1,1,1,1,1,0.0698
0,4,0,0,150.0,1,5,49,1,1,1,1,1,1,1,0.102
0,0,4,0,150.0,1,1,42,1,1,1,1,1,1,1,0.0238
0,0,0,0,150.0,1,4,44,1,1,1,1,1,1,1,0.0909
0,0,4,0,200.0,4,1,46,1,1,1,1,1,1,1,0.0217
0,0,2,0,150.0,4,3,40,1,1,1,1,1,1,1,0.075
0,4,0,0,150.0,1,10,45,1,1,1,1,1,1,1,0.2222
0,2,4,0,150.0,1,11,54,1,1,1,1,1,1,1,0.2037
0,1,2,0,150.0,1,1,57,1,1,1,1,1,1,1,0.0175
0,1,4,0,150.0,6,2,15,1,1,1,1,1,1,1,0.1333
0,0,4,0,200.0,4,6,41,1,1,1,1,1,1,1,0.1463
0,0,1,0,150.0,1,2,58,1,1,1,1,1,1,1,0.0345
0,0,0,0,150.0,4,4,45,1,1,1,1,1,1,1,0.0889
0,0,1,0,150.0,1,6,44,1,1,1,1,1,1,1,0.1364
0,4,4,0,150.0,1,9,52,1,1,1,1,1,1,1,0.1731
0,0,0,0,150.0,1,4,52,1,1,1,1,1,1,1,0.0769
0,0,1,0,150.0,1,2,56,1,1,1,1,1,1,1,0.0357
0,1,1,0,200.0,4,1,45,1,1,1,1,1,1,1,0.0222
0,0,4,0,150.0,1,2,40,1,1,1,1,1,1,1,0.05
0,0,4,0,100.0,1,1,50,1,1,1,1,1,1,1,0.02
0,1,4,0,150.0,4,7,35,1,1,1,1,1,1,1,0.2
0,0,4,0,150.0,1,2,64,1,1,1,1,1,1,1,0.0312
0,0,0,0,150.0,1,3,53,1,1,1,1,1,1,1,0.0566
0,1,2,0,150.0,1,6,61,1,1,1,1,1,1,1,0.0984
0,0,5,0,150.0,4,2,45,1,1,1,1,1,1,1,0.0444
0,0,1,0,200.0,1,7,49,1,1,1,1,1,1,1,0.1429
0,3,1,0,150.0,1,11,53,1,1,1,1,1,1,1,0.2075
0,0,1,0,150.0,1,6,47,1,1,1,1,1,1,1,0.1277
0,0,1,0,200.0,1,5,53,1,1,1,1,1,1,1,0.0943
0,0,4,0,150.0,1,5,43,1,1,1,1,1,1,1,0.1163
0,1,2,0,150.0,1,8,52,1,1,1,1,1,1,1,0.1538
0,0,0,0,150.0,1,4,49,1,1,1,1,1,1,1,0.0816
0,4,4,0,150.0,4,2,35,1,1,1,1,1,1,1,0.0571
0,1,1,0,150.0,1,3,45,1,1,1,1,1,1,1,0.0667
0,1,2,0,150.0,1,9,51,1,1,1,1,1,1,1,0.1765
0,0,1,0,150.0,1,2,48,1,1,1,1,1,1,1,0.0417
0,0,0,0,100.0,1,1,51,1,1,1,1,1,1,1,0.0196
0,0,1,0,100.0,4,1,53,1,1,1,1,1,1,1,0.0189
0,3,0,0,150.0,1,9,56,1,1,1,1,1,1,1,0.1607
0,1,2,0,150.0,1,4,50,1,1,1,1,1,1,1,0.08
0,0,2,0,150.0,1,2,43,1,1,1,1,1,1,1,0.0465
0,0,0,0,150.0,1,1,48,1,1,1,1,1,1,1,0.0208
0,0,2,0,150.0,1,5,40,1,1,1,1,1,1,1,0.125
0,2,1,0,150.0,1,2,89,1,1,1,1,1,1,1,0.0225
0,0,0,0,150.0,1,11,54,1,1,1,1,1,1,1,0.2037
0,2,0,0,200.0,1,2,56,1,1,1,1,1,1,1,0.0357
0,4,4,0,150.0,1,3,83,1,1,1,1,1,1,1,0.0361
0,0,2,0,150.0,4,1,34,1,1,1,1,1,1,1,0.0294
0,0,0,0,150.0,1,5,48,1,1,1,1,1,1,1,0.1042
0,3,5,0,150.0,1,7,54,1,1,1,1,1,1,1,0.1296
0,0,0,0,150.0,4,2,45,1,1,1,1,1,1,1,0.0444
0,0,1,0,150.0,1,4,46,1,1,1,1,1,1,1,0.087
0,0,0,0,150.0,1,5,48,1,1,1,1,1,1,1,0.1042
0,0,0,0,150.0,1,2,57,1,1,1,1,1,1,1,0.0351
0,0,6,0,150.0,4,2,45,1,1,1,1,1,1,1,0.0444
0,0,5,0,150.0,1,3,56,1,1,1,1,1,1,1,0.0536
0,2,0,0,300.0,1,1,64,1,1,1,1,1,1,1,0.0156
0,1,2,0,150.0,1,3,52,1,1,1,1,1,1,1,0.0577
0,2,0,0,150.0,1,12,55,1,1,1,1,1,1,1,0.2182
0,2,0,0,150.0,1,3,58,1,1,1,1,1,1,1,0.0517
0,1,1,0,150.0,1,4,85,1,1,1,1,1,1,1,0.0471
0,0,0,0,150.0,1,4,56,1,1,1,1,1,1,1,0.0714
0,1,0,0,150.0,1,7,50,1,1,1,1,1,1,1,0.14
0,0,1,0,150.0,1,4,85,1,1,1,1,1,1,1,0.0471
0,3,5,0,450.0,4,1,45,1,1,1,1,1,1,1,0.0222
0,2,4,0,200.0,6,1,5,1,1,1,1,1,1,1,0.2
0,1,1,0,150.0,1,3,52,1,1,1,1,1,1,1,0.0577
0,0,2,0,300.0,1,1,43,1,1,1,1,1,1,1,0.0233
0,0,2,0,150.0,1,5,43,1,1,1,1,1,1,1,0.1163
0,1,1,0,300.0,4,1,36,1,1,1,1,1,1,1,0.0278
0,2,0,0,150.0,1,6,56,1,1,1,1,1,1,1,0.1071
0,4,4,0,150.0,4,3,24,1,1,1,1,1,1,1,0.125
0,4,4,0,300.0,4,9,35,1,1,1,1,1,1,1,0.2571
0,4,4,0,150.0,1,1,46,1,1,1,1,1,1,1,0.0217
0,4,4,0,150.0,1,9,47,1,1,1,1,1,1,1,0.1915
0,4,4,0,300.0,4,3,34,1,1,1,1,1,1,1,0.0882
0,4,4,0,150.0,1,6,35,1,1,1,1,1,1,1,0.1714
0,4,4,0,150.0,6,1,2,1,1,1,1,1,1,1,0.5
0,4,4,0,150.0,1,4,32,1,1,1,1,1,1,1,0.125
0,4,4,0,150.0,1,2,35,1,1,1,1,1,1,1,0.0571
0,4,4,0,200.0,1,2,48,1,1,1,1,1,1,1,0.0417
0,4,4,0,150.0,1,12,49,1,1,1,1,1,1,1,0.2449
0,4,4,0,150.0,6,3,10,1,1,1,1,1,1,1,0.3
0,4,4,0,150.0,1,2,33,1,1,1,1,1,1,1,0.0606
0,4,4,0,150.0,1,1,24,1,1,1,1,1,1,1,0.0417
0,4,4,0,150.0,1,2,33,1,1,1,1,1,1,1,0.0606
0,4,4,0,150.0,1,5,51,1,1,1,1,1,1,1,0.098
0,4,4,0,150.0,1,3,30,1,1,1,1,1,1,1,0.1
0,4,4,0,150.0,1,7,45,1,1,1,1,1,1,1,0.1556
0,4,4,0,150.0,1,4,48,1,1,1,1,1,1,1,0.0833
0,4,4,0,150.0,1,11,47,1,1,1,1,1,1,1,0.234
0,4,4,0,150.0,4,6,28,1,1,1,1,1,1,1,0.2143
0,4,4,0,300.0,4,1,49,1,1,1,1,1,1,1,0.0204
0,4,4,0,150.0,4,1,35,1,1,1,1,1,1,1,0.0286
0,4,4,0,150.0,1,1,58,1,1,1,1,1,1,1,0.0172
0,4,4,0,200.0,4,6,42,1,1,1,1,1,1,1,0.1429
0,4,4,0,200.0,4,2,36,1,1,1,1,1,1,1,0.0556
0,4,4,0,300.0,4,1,42,1,1,1,1,1,1,1,0.0238
0,4,4,0,200.0,4,2,39,1,1,1,1,1,1,1,0.0513
0,4,4,0,300.0,0,1,41,1,1,1,1,1,1,1,0.0244
0,4,4,0,150.0,1,3,67,1,1,1,1,1,1,1,0.0448
0,4,4,0,200.0,4,1,33,1,1,1,1,1,1,1,0.0303
0,4,4,0,150.0,1,9,61,1,1,1,1,1,1,1,0.1475
0,4,4,0,200.0,1,2,47,1,1,1,1,1,1,1,0.0426
0,4,4,0,150.0,1,2,50,1,1,1,1,1,1,1,0.04
0,4,4,0,150.0,4,1,29,1,1,1,1,1,1,1,0.0345
0,4,4,0,150.0,1,5,52,1,1,1,1,1,1,1,0.0962
0,4,4,0,150.0,1,1,62,1,1,1,1,1,1,1,0.0161
0,4,4,0,150.0,1,12,57,1,1,1,1,1,1,1,0.2105
0,4,4,0,150.0,1,4,58,1,1,1,1,1,1,1,0.069
0,4,4,0,150.0,1,1,64,1,1,1,1,1,1,1,0.0156
0,4,4,0,200.0,4,2,49,1,1,1,1,1,1,1,0.0408
0,4,4,0,150.0,1,3,55,1,1,1,1,1,1,1,0.0545
0,4,4,0,150.0,1,1,58,1,1,1,1,1,1,1,0.0172
0,4,4,0,150.0,1,3,52,1,1,1,1,1,1,1,0.0577
0,4,4,0,200.0,1,1,56,1,1,1,1,1,0,1,0.0179
0,4,4,0,150.0,4,2,52,1,1,1,1,1,1,1,0.0385
0,4,4,0,150.0,1,8,59,1,1,1,1,1,1,1,0.1356
0,4,4,0,150.0,1,1,63,1,1,1,1,1,1,1,0.0159
0,4,4,0,150.0,1,9,62,1,1,1,1,1,0,1,0.1452
0,4,4,0,150.0,1,7,50,1,1,1,1,1,1,1,0.14
0,4,4,0,150.0,1,7,61,1,1,1,1,1,1,1,0.1148
0,4,4,0,150.0,1,1,60,1,1,1,1,1,1,1,0.0167
0,4,4,0,150.0,1,1,69,1,1,1,1,1,1,1,0.0145
0,4,4,0,200.0,1,1,55,1,1,1,1,1,1,1,0.0182
0,4,4,0,150.0,1,6,50,1,1,1,1,1,1,1,0.12
0,4,4,0,150.0,1,1,50,1,1,1,1,1,1,1,0.02
0,4,4,0,150.0,1,4,57,1,1,1,1,1,1,1,0.0702
0,4,4,0,150.0,1,1,67,1,1,1,1,1,1,1,0.0149
0,4,4,0,150.0,1,5,53,1,1,1,1,1,1,1,0.0943
0,4,4,0,150.0,1,1,65,1,1,1,1,1,1,1,0.0154
0,4,4,0,150.0,1,5,53,1,1,1,1,1,1,1,0.0943
0,4,4,0,150.0,1,11,66,1,1,1,1,1,1,1,0.1667
0,4,4,0,200.0,4,3,50,1,1,1,1,1,1,1,0.06
0,4,4,0,150.0,1,2,65,1,1,1,1,1,1,1,0.0308
0,4,4,0,150.0,1,1,58,1,1,1,1,1,1,1,0.0172
0,4,4,0,150.0,4,1,44,1,1,1,1,1,1,1,0.0227
0,4,4,0,100.0,1,3,65,1,1,1,1,1,1,1,0.0462
0,4,4,0,150.0,4,2,52,1,1,1,1,1,1,1,0.0385
0,4,4,0,150.0,1,4,57,1,1,1,1,1,1,1,0.0702
0,4,4,0,150.0,1,2,59,1,1,1,1,1,1,1,0.0339
0,4,4,0,150.0,1,2,57,1,1,1,1,1,1,1,0.0351
0,4,4,0,200.0,1,6,60,1,1,1,1,1,1,1,0.1
0,4,4,0,150.0,1,4,60,1,1,1,1,1,1,1,0.0667
0,4,4,0,150.0,6,1,23,1,1,1,1,1,1,1,0.0435
0,4,4,0,150.0,1,3,70,1,1,1,1,1,1,1,0.0429
0,4,4,0,150.0,4,1,38,1,1,1,1,1,1,1,0.0263
0,4,4,0,150.0,1,6,55,1,1,1,1,1,1,1,0.1091
0,4,4,0,150.0,1,1,60,1,1,1,1,1,1,1,0.0167
0,4,4,0,150.0,1,2,58,1,1,1,1,1,1,1,0.0345
0,4,4,0,100.0,4,3,49,1,1,1,1,1,1,1,0.0612
0,4,4,0,200.0,1,1,51,1,1,1,1,1,1,1,0.0196
0,4,4,0,450.0,1,6,82,1,1,1,1,1,1,1,0.0732
0,4,4,0,300.0,4,1,52,1,1,1,1,1,1,1,0.0192
0,4,4,0,150.0,4,1,38,1,1,1,1,1,1,1,0.0263
0,4,4,0,450.0,1,1,81,1,1,1,1,1,1,1,0.0123
0,4,4,0,300.0,1,4,50,1,1,1,1,1,1,1,0.08
0,4,4,0,150.0,1,7,52,1,1,1,1,1,1,1,0.1346
0,4,4,0,150.0,1,1,52,1,1,1,1,1,1,1,0.0192
0,4,4,0,150.0,1,2,55,1,1,1,1,1,1,1,0.0364
0,4,4,0,150.0,1,12,66,1,1,1,1,1,1,1,0.1818
0,4,4,0,150.0,1,7,50,1,1,1,1,1,1,1,0.14
0,4,4,0,200.0,4,1,30,1,1,1,1,1,1,1,0.0333
0,4,4,0,200.0,4,1,46,1,1,1,1,1,1,1,0.0217
0,4,4,0,150.0,1,7,53,1,1,1,1,1,1,1,0.1321
0,4,4,0,150.0,1,1,64,1,1,1,1,1,1,1,0.0156
0,4,4,0,150.0,1,5,53,1,1,1,1,1,1,1,0.0943
0,4,4,0,150.0,1,4,64,1,1,1,1,1,1,1,0.0625
0,4,4,0,150.0,1,3,57,1,1,1,1,1,1,1,0.0526
0,4,4,0,100.0,1,1,63,1,1,1,1,1,1,1,0.0159
0,4,4,0,150.0,1,1,64,1,1,1,1,1,1,1,0.0156
0,4,4,0,150.0,1,2,46,1,1,1,1,1,1,1,0.0435
0,4,4,0,150.0,1,5,55,1,1,1,1,1,1,1,0.0909
0,4,4,0,150.0,1,3,52,1,1,1,1,1,1,1,0.0577
0,4,4,0,200.0,4,2,51,1,1,1,1,1,1,1,0.0392
0,4,4,0,150.0,1,5,59,1,1,1,1,1,1,1,0.0847
0,4,4,0,200.0,1,6,60,1,1,1,1,1,1,1,0.1
0,4,4,0,200.0,1,1,66,1,1,1,1,1,1,1,0.0152
0,4,4,0,150.0,1,3,64,1,1,1,1,1,1,1,0.0469
0,4,4,0,200.0,4,2,41,1,1,1,1,1,1,1,0.0488
0,4,4,0,100.0,1,2,64,1,1,1,1,1,1,1,0.0312
0,4,4,0,200.0,1,1,68,1,1,1,1,1,1,1,0.0147
0,4,4,0,300.0,1,1,88,1,1,1,1,1,1,1,0.0114
0,4,4,0,300.0,4,2,39,1,1,1,1,1,1,1,0.0513
0,4,4,0,150.0,1,5,51,1,1,1,1,1,1,1,0.098
0,4,4,0,300.0,4,1,31,1,1,1,1,1,1,1,0.0323
0,4,4,0,300.0,4,9,47,1,1,1,1,1,1,1,0.1915
0,4,4,0,300.0,6,1,16,1,1,1,1,1,0,1,0.0625
0,4,4,0,200.0,4,2,39,1,1,1,1,1,1,1,0.0513
0,4,4,0,300.0,4,1,42,1,1,1,1,1,1,1,0.0238
0,4,4,0,150.0,1,9,58,1,1,1,1,1,1,1,0.1552
0,4,4,0,150.0,4,3,47,1,1,1,1,1,1,1,0.0638
0,4,4,0,150.0,4,4,37,1,1,1,1,1,1,1,0.1081
0,4,4,0,150.0,1,4,49,1,1,1,1,1,1,1,0.0816
0,4,4,0,200.0,6,1,24,1,1,1,1,1,1,1,0.0417
0,4,4,0,150.0,4,1,31,1,1,1,1,1,1,1,0.0323
0,4,4,0,150.0,1,2,58,1,1,1,1,1,1,1,0.0345
0,4,4,0,200.0,4,1,42,1,1,1,1,1,0,1,0.0238
0,4,4,0,150.0,1,1,70,1,1,1,1,1,1,1,0.0143
0,4,4,0,200.0,1,6,56,1,1,1,1,1,1,1,0.1071
0,4,4,0,200.0,1,7,56,1,1,1,1,1,1,1,0.125
0,4,4,0,300.0,6,1,21,1,1,1,1,1,1,1,0.0476
0,4,4,0,150.0,1,8,58,1,1,1,1,1,1,1,0.1379
0,4,4,0,150.0,1,2,63,1,1,1,1,1,1,1,0.0317
0,4,4,0,200.0,4,1,52,1,1,1,1,1,1,1,0.0192
0,4,4,0,200.0,4,1,52,1,1,1,1,1,1,1,0.0192
0,4,4,0,150.0,1,7,60,1,1,1,1,1,1,1,0.1167
0,4,4,0,150.0,1,3,57,1,1,1,1,1,1,1,0.0526
0,4,4,0,150.0,1,6,54,1,1,1,1,1,1,1,0.1111
0,4,4,0,150.0,1,4,59,1,1,1,1,1,1,1,0.0678
0,4,4,0,150.0,1,2,60,1,1,1,1,1,1,1,0.0333
0,4,4,0,150.0,1,3,43,1,1,1,1,1,1,1,0.0698
0,4,4,0,150.0,1,3,43,1,1,1,1,1,1,1,0.0698
0,4,4,0,150.0,1,2,56,1,1,1,1,1,1,1,0.0357
0,4,4,0,200.0,1,3,64,1,1,1,1,1,1,1,0.0469
0,4,4,0,150.0,1,5,52,1,1,1,1,1,1,1,0.0962
0,4,4,0,150.0,1,5,52,1,1,1,1,1,1,1,0.0962
0,4,4,0,150.0,1,3,57,1,1,1,1,1,1,1,0.0526
0,4,4,0,150.0,1,11,60,1,1,1,1,1,1,1,0.1833
0,4,4,0,150.0,1,2,59,1,1,1,1,1,1,1,0.0339
0,4,4,0,300.0,4,1,32,1,1,1,1,1,1,1,0.0312
0,4,4,0,200.0,1,1,68,1,1,1,1,1,1,1,0.0147
0,0,0,0,150.0,1,3,53,1,1,1,1,1,1,1,0.0566
0,0,0,0,150.0,1,1,55,1,1,1,1,1,1,1,0.0182
0,0,0,0,150.0,1,7,53,1,1,1,1,1,1,1,0.1321
0,0,0,0,200.0,1,3,57,1,1,1,1,1,1,1,0.0526
0,1,4,0,150.0,1,6,55,1,1,1,1,1,1,1,0.1091
0,4,1,0,600.0,6,1,9,1,1,1,1,1,1,1,0.1111
0,3,1,0,200.0,1,2,66,1,1,1,1,1,1,1,0.0303
0,0,1,0,150.0,4,1,45,1,1,1,1,1,1,1,0.0222
0,3,4,0,300.0,4,1,44,1,1,1,1,1,1,1,0.0227
0,4,2,0,150.0,4,2,43,1,1,1,1,1,1,1,0.0465
0,0,6,0,200.0,4,1,52,1,1,1,1,1,1,1,0.0192
0,4,1,0,300.0,1,1,69,1,1,1,1,1,1,1,0.0145
0,4,4,0,200.0,4,1,46,1,1,1,1,1,1,1,0.0217
0,4,4,0,300.0,1,1,54,1,1,1,1,1,1,1,0.0185
0,0,0,0,300.0,4,2,55,1,1,1,1,1,1,1,0.0364
0,0,2,0,150.0,4,1,38,1,1,1,1,1,1,1,0.0263
0,0,0,0,150.0,1,1,69,1,1,1,1,1,1,1,0.0145
0,0,0,0,150.0,1,2,62,1,1,1,1,1,1,1,0.0323
0,0,4,0,150.0,1,2,62,1,1,1,1,1,1,1,0.0323
0,0,0,0,300.0,1,1,60,1,1,1,1,1,1,1,0.0167
0,0,6,0,150.0,1,2,65,1,1,1,1,1,1,1,0.0308
0,0,0,0,200.0,4,3,55,1,1,1,1,1,1,1,0.0545
0,0,0,0,150.0,1,10,57,1,1,1,1,1,1,1,0.1754
0,0,0,0,150.0,1,6,53,1,1,1,1,1,1,1,0.1132
0,0,0,0,150.0,1,3,53,1,1,1,1,1,1,1,0.0566
0,0,0,0,200.0,1,2,58,1,1,1,1,1,1,1,0.0345
0,0,0,0,200.0,1,2,58,1,1,1,1,1,1,1,0.0345
0,0,0,0,300.0,1,1,56,1,1,1,1,1,1,1,0.0179
0,0,0,0,150.0,1,1,53,1,1,1,1,1,1,1,0.0189
0,0,1,0,150.0,1,7,65,1,1,1,1,1,1,1,0.1077
0,0,1,0,150.0,1,3,59,1,1,1,1,1,1,1,0.0508
0,4,2,0,150.0,4,2,45,1,1,1,1,1,1,1,0.0444
0,2,1,0,150.0,1,7,68,1,1,1,1,1,1,1,0.1029
0,2,1,0,150.0,1,7,65,1,1,1,1,1,1,1,0.1077
0,0,0,0,150.0,1,3,60,1,1,1,1,1,0,1,0.05
0,0,1,0,150.0,4,1,32,1,1,1,1,1,1,1,0.0312
0,0,0,0,200.0,1,1,61,1,1,1,1,1,1,1,0.0164
0,4,4,0,150.0,1,9,79,1,1,1,1,1,1,1,0.1139
0,4,0,2,150.0,1,1,61,1,1,1,1,1,1,1,0.0164
0,4,2,2,25.0,2,1,69,1,1,1,1,1,0,1,0.0145
0,4,0,2,150.0,1,6,69,1,1,1,1,1,1,1,0.087
0,3,0,2,150.0,1,1,67,1,1,1,1,1,1,1,0.0149
0,3,0,2,150.0,1,2,66,1,1,1,1,1,1,1,0.0303
0,3,0,2,150.0,1,3,54,1,1,1,1,1,1,1,0.0556
0,4,0,2,150.0,1,3,54,1,1,1,1,1,1,1,0.0556
0,0,4,2,150.0,1,3,59,1,1,1,1,1,1,1,0.0508
0,0,5,2,150.0,4,1,46,1,1,1,1,1,1,1,0.0217
0,4,0,2,150.0,1,1,67,1,1,1,1,1,1,1,0.0149
0,4,0,2,600.0,3,1,53,1,1,1,1,1,1,1,0.0189
0,4,0,2,600.0,1,1,53,1,1,1,1,1,1,1,0.0189
0,4,2,2,150.0,1,1,61,1,1,1,1,1,0,1,0.0164
0,3,0,2,150.0,4,2,43,1,1,1,1,1,1,1,0.0465
1,4,4,2,25.0,8,1,18,1,1,1,1,1,1,1,0.0556
0,4,4,2,200.0,4,5,53,1,1,1,1,1,1,1,0.0943
0,4,4,2,150.0,1,1,57,1,1,1,1,1,1,1,0.0175
0,4,4,2,150.0,4,1,42,1,1,1,1,1,1,1,0.0238
0,4,4,2,150.0,1,4,56,1,1,1,1,1,1,1,0.0714
0,4,4,2,150.0,1,4,65,1,1,1,1,1,1,1,0.0615
0,0,0,0,150.0,1,4,65,1,1,0,0,0,1,1,0.0615
0,4,4,2,150.0,1,4,66,1,1,1,1,1,1,1,0.0606
0,4,4,2,300.0,4,2,40,1,1,1,1,1,1,1,0.05
0,4,4,2,300.0,4,2,46,1,1,1,1,1,1,1,0.0435
0,4,4,2,200.0,1,1,62,1,1,1,1,1,1,1,0.0161
0,4,4,2,150.0,1,9,58,1,1,1,1,1,1,1,0.1552
0,4,4,2,300.0,4,1,43,1,1,1,1,1,1,1,0.0233
0,0,0,0,150.0,1,2,56,1,1,1,1,1,1,1,0.0357
0,4,4,2,150.0,1,2,56,1,1,1,1,1,1,1,0.0357
0,4,4,2,150.0,1,8,61,1,1,1,1,1,1,1,0.1311
0,0,4,0,150.0,1,9,59,1,1,1,1,1,1,1,0.1525
0,4,4,2,150.0,1,2,71,1,1,1,1,1,1,1,0.0282
0,0,4,0,300.0,4,2,55,1,1,1,1,1,1,1,0.0364
0,0,4,0,150.0,1,3,56,1,1,1,1,1,1,1,0.0536
0,4,4,2,150.0,1,7,52,1,1,1,1,1,1,1,0.1346
0,4,4,2,200.0,1,3,58,1,1,1,1,1,1,1,0.0517
0,4,4,2,150.0,1,11,67,1,1,1,1,1,1,1,0.1642
0,0,4,0,150.0,1,5,56,1,1,1,1,1,1,1,0.0893
0,4,4,2,150.0,1,1,52,1,1,1,1,1,1,1,0.0192
0,4,4,2,150.0,1,3,96,1,1,1,1,1,1,1,0.0312
0,0,0,0,150.0,1,2,53,1,1,1,1,1,1,1,0.0377
0,0,0,0,150.0,1,9,59,1,1,1,1,1,1,1,0.1525
0,4,4,2,150.0,1,3,57,1,1,1,1,1,1,1,0.0526
0,0,0,0,150.0,1,3,57,1,1,0,0,0,1,1,0.0526
0,4,4,2,150.0,1,6,66,1,1,1,1,1,1,1,0.0909
0,0,4,0,150.0,4,2,53,1,1,1,1,1,1,1,0.0377
0,4,4,2,200.0,4,2,54,1,1,1,1,1,1,1,0.037
0,0,0,0,200.0,1,1,59,1,1,1,1,1,1,1,0.0169
0,4,0,2,150.0,1,8,60,1,1,1,1,1,1,1,0.1333
0,0,0,0,150.0,1,1,59,1,1,1,1,1,1,1,0.0169
0,0,0,0,150.0,1,8,60,1,1,1,1,1,1,1,0.1333
0,0,0,0,150.0,1,9,60,1,1,1,1,1,1,1,0.15
0,0,0,0,150.0,1,4,61,1,1,1,1,1,1,1,0.0656
0,0,0,0,150.0,4,2,38,1,1,1,1,1,1,1,0.0526
0,0,0,0,100.0,1,3,64,1,1,1,1,1,1,1,0.0469
0,4,4,2,600.0,4,1,42,1,1,1,1,1,1,1,0.0238
0,4,4,0,200.0,1,1,61,1,1,1,1,1,1,1,0.0164
0,4,4,2,150.0,1,4,62,1,1,1,1,1,1,1,0.0645
0,4,4,2,200.0,1,3,67,1,1,1,1,1,1,1,0.0448
0,0,4,0,150.0,1,6,54,1,1,1,1,1,1,1,0.1111
0,0,4,0,300.0,1,2,54,1,1,1,1,1,1,1,0.037
0,0,4,1,150.0,1,2,62,0,0,1,1,1,1,1,0.0323
0,4,4,2,1200.0,3,2,31,1,1,1,1,1,1,1,0.0645
0,4,4,2,150.0,1,1,56,1,1,1,1,1,1,1,0.0179
0,4,4,2,450.0,1,1,56,1,1,1,1,1,1,1,0.0179
0,4,4,1,300.0,1,2,54,1,1,1,1,1,1,1,0.037
0,2,4,0,150.0,4,1,42,1,1,1,1,1,1,1,0.0238
0,1,4,0,150.0,4,4,39,1,1,1,1,1,1,1,0.1026
0,4,4,2,100.0,1,5,65,1,1,1,1,1,1,1,0.0769
1,5,0,0,13.0,8,1,48,1,1,0,1,1,1,1,0.0208
0,4,4,2,150.0,4,1,32,1,1,1,1,1,1,1,0.0312
0,4,4,2,150.0,1,2,80,1,1,1,1,1,1,1,0.025
0,1,0,0,150.0,1,2,80,1,1,1,1,1,1,1,0.025
0,1,4,0,300.0,4,3,39,1,1,1,1,1,1,1,0.0769
0,4,4,2,200.0,4,3,44,1,1,1,1,1,1,1,0.0682
0,4,4,2,200.0,4,3,44,1,1,1,1,1,1,1,0.0682
0,1,4,1,200.0,4,3,44,1,1,1,1,1,1,1,0.0682
0,1,4,1,150.0,1,3,61,0,0,1,0,1,1,1,0.0492
0,4,4,2,300.0,1,1,62,1,1,1,1,1,1,1,0.0161
0,1,2,0,150.0,1,1,72,1,1,1,0,1,1,1,0.0139
0,4,4,2,150.0,4,1,50,1,1,1,1,1,1,1,0.02
0,3,4,0,150.0,1,3,66,1,1,1,1,1,1,1,0.0455
0,1,2,1,300.0,4,1,37,1,1,0,1,1,1,1,0.027
0,1,4,1,150.0,1,4,66,1,1,1,1,1,1,1,0.0606
0,4,4,2,450.0,6,1,3,1,1,1,1,1,1,1,0.3333
0,0,4,0,200.0,4,5,54,1,1,1,1,1,1,1,0.0926
0,4,4,2,300.0,4,1,51,1,1,1,1,1,1,1,0.0196
0,4,4,2,300.0,4,3,51,1,1,1,1,1,1,1,0.0588
0,4,4,2,150.0,4,2,38,1,1,1,1,1,1,1,0.0526
0,4,4,2,150.0,1,4,61,1,1,1,1,1,1,1,0.0656
0,0,4,0,150.0,1,2,55,1,1,1,1,1,1,1,0.0364
0,0,4,0,200.0,4,2,61,1,1,1,1,1,1,1,0.0328
0,3,2,0,150.0,1,3,62,1,1,1,1,1,1,1,0.0484
0,5,4,0,150.0,4,2,46,1,1,1,1,1,1,1,0.0435
0,2,4,0,150.0,4,2,46,1,1,1,1,1,1,1,0.0435
0,1,4,0,150.0,1,4,60,1,1,1,1,1,1,1,0.0667
0,0,2,0,150.0,4,1,55,1,1,1,1,1,1,1,0.0182
0,4,4,2,150.0,1,3,54,1,1,1,1,1,1,1,0.0556
0,0,2,0,150.0,1,4,62,1,1,1,1,1,1,1,0.0645
0,0,0,0,200.0,4,5,54,1,1,1,1,1,1,1,0.0926
0,0,4,0,150.0,1,5,50,1,1,1,1,1,1,1,0.1
0,0,4,0,150.0,1,6,58,1,1,1,1,1,1,1,0.1034
0,0,4,0,200.0,4,3,56,1,1,1,1,1,1,1,0.0536
0,4,4,2,200.0,1,3,60,1,1,1,1,1,1,1,0.05
0,1,2,0,300.0,1,2,63,1,1,1,1,1,1,1,0.0317
0,0,4,0,150.0,4,2,53,1,1,1,1,1,1,1,0.0377
0,0,4,0,150.0,1,3,57,1,1,1,1,1,1,1,0.0526
0,1,4,0,300.0,4,9,49,1,1,1,1,1,1,1,0.1837
0,0,0,0,150.0,1,6,70,1,1,1,1,1,1,1,0.0857
0,0,0,0,300.0,1,3,49,1,1,1,1,1,1,1,0.0612
0,0,2,0,150.0,1,4,60,1,1,1,1,1,1,1,0.0667
0,0,4,0,150.0,1,1,57,1,1,1,1,1,1,1,0.0175
0,0,0,0,150.0,1,6,71,1,1,1,1,1,1,1,0.0845
0,1,2,0,200.0,1,2,52,1,1,1,1,1,1,1,0.0385
0,1,4,0,100.0,1,5,66,1,1,1,1,1,1,1,0.0758
0,0,0,0,300.0,1,3,57,1,1,1,1,1,1,1,0.0526
0,0,2,0,150.0,1,1,69,1,1,0,1,1,1,1,0.0145
0,0,2,0,150.0,1,5,68,1,1,1,1,1,1,1,0.0735
0,4,4,2,150.0,1,3,58,1,1,1,1,1,1,1,0.0517
0,0,4,0,150.0,1,1,69,1,1,1,1,1,1,1,0.0145
0,0,0,0,300.0,1,1,56,1,1,1,1,1,1,1,0.0179
0,0,4,0,150.0,1,5,57,1,1,1,1,1,1,1,0.0877
0,4,4,2,150.0,1,4,61,1,1,1,1,1,1,1,0.0656
0,0,0,0,150.0,4,1,43,1,1,1,1,1,1,1,0.0233
0,0,4,0,300.0,1,4,86,1,1,1,1,1,1,1,0.0465
0,0,4,0,150.0,1,5,66,1,1,1,1,1,1,1,0.0758
0,0,4,0,150.0,1,6,57,1,1,1,1,1,1,1,0.1053
0,4,4,2,300.0,1,4,86,1,1,1,1,1,1,1,0.0465
0,0,4,0,150.0,1,11,69,1,1,1,1,1,1,1,0.1594
0,0,2,0,150.0,1,3,58,1,1,1,1,1,1,1,0.0517
0,0,4,0,200.0,4,2,56,1,1,1,1,1,1,1,0.0357
0,0,0,0,150.0,1,4,63,1,1,0,1,1,1,1,0.0635
0,0,4,0,150.0,1,4,70,1,1,1,1,1,1,1,0.0571
0,0,4,0,150.0,1,1,74,1,1,1,1,1,1,1,0.0135
0,0,2,0,150.0,1,9,66,1,1,1,1,1,1,1,0.1364
0,0,0,0,150.0,4,1,52,1,1,1,1,1,1,1,0.0192
0,0,0,0,150.0,1,2,59,1,1,1,1,1,1,1,0.0339
0,0,5,0,150.0,1,4,63,1,1,1,1,1,1,1,0.0635
0,0,4,0,200.0,4,2,55,1,1,1,1,1,1,1,0.0364
0,4,4,2,150.0,1,4,68,1,1,1,1,1,1,1,0.0588
0,5,2,0,300.0,4,1,42,1,1,1,1,1,1,1,0.0238
0,0,5,0,200.0,1,2,61,1,1,1,1,1,1,1,0.0328
0,2,4,0,150.0,1,2,68,1,1,1,1,1,1,1,0.0294
0,0,4,0,200.0,4,2,50,1,1,1,1,1,1,1,0.04
0,4,4,2,150.0,1,2,71,1,1,1,1,1,1,1,0.0282
0,0,2,0,150.0,4,7,55,1,1,1,1,1,1,1,0.1273
0,1,0,0,200.0,4,6,47,1,1,0,0,0,1,1,0.1277
0,4,4,2,150.0,1,3,63,1,1,1,1,1,1,1,0.0476
0,0,0,0,150.0,1,3,65,1,1,1,1,1,0,1,0.0462
0,4,4,2,300.0,4,3,47,1,1,1,1,1,1,1,0.0638
0,1,2,1,150.0,4,2,45,0,0,1,1,1,1,1,0.0444
0,3,0,0,150.0,1,2,71,1,1,0,0,0,1,1,0.0282
0,2,2,0,150.0,1,1,60,1,1,1,1,1,1,1,0.0167
0,4,4,2,1200.0,3,2,32,1,1,1,1,1,1,1,0.0625
0,4,4,2,150.0,4,4,40,1,1,1,1,1,1,1,0.1
0,0,4,0,150.0,1,5,68,1,1,1,1,1,1,1,0.0735
0,4,4,2,150.0,4,1,53,1,1,1,1,1,1,1,0.0189
0,4,4,2,450.0,4,3,53,1,1,1,1,1,1,1,0.0566
0,4,4,2,200.0,1,3,59,1,1,1,1,1,1,1,0.0508
0,4,4,2,150.0,4,2,50,1,1,1,1,1,1,1,0.04
0,4,4,2,200.0,1,3,59,1,1,1,1,1,1,1,0.0508
0,3,0,0,150.0,1,9,66,1,1,0,1,1,1,1,0.1364
0,1,2,0,150.0,1,2,63,1,1,0,1,1,1,1,0.0317
0,4,4,2,300.0,4,1,61,1,1,1,1,1,1,1,0.0164
0,4,4,2,150.0,1,2,81,1,1,1,1,1,1,1,0.0247
0,4,4,2,150.0,1,5,72,1,1,1,1,1,1,1,0.0694
0,3,2,0,300.0,4,1,60,1,1,1,1,1,1,1,0.0167
0,0,2,0,150.0,4,3,55,1,1,1,1,1,1,1,0.0545
0,0,5,0,200.0,4,3,54,1,1,1,1,1,1,1,0.0556
0,4,4,2,300.0,4,1,36,1,1,1,1,1,1,1,0.0278
0,4,4,2,150.0,1,1,68,1,1,1,1,1,1,1,0.0147
0,0,0,0,300.0,1,4,54,1,1,1,1,1,1,1,0.0741
0,4,4,2,450.0,0,1,69,1,1,1,1,1,1,1,0.0145
0,4,4,2,300.0,4,3,40,1,1,1,1,1,1,1,0.075
0,0,3,0,200.0,1,3,60,1,1,1,1,1,1,1,0.05
1,5,2,2,25.0,6,1,48,1,1,1,1,1,0,1,0.0208
0,1,2,0,150.0,4,3,50,1,1,1,1,1,1,1,0.06
0,4,4,0,150.0,4,1,54,1,1,1,1,1,1,1,0.0185
0,4,4,2,150.0,4,3,49,1,1,1,1,1,1,1,0.0612
0,1,2,0,150.0,4,3,49,1,1,1,1,1,1,1,0.0612
0,4,4,0,150.0,4,2,55,1,1,1,1,1,1,1,0.0364
0,4,2,0,150.0,1,2,54,1,1,1,1,1,1,1,0.037
0,0,2,0,150.0,1,2,59,1,1,1,1,1,1,1,0.0339
0,4,4,2,150.0,1,3,61,1,1,1,1,1,1,1,0.0492
0,4,4,2,150.0,1,4,62,1,1,1,1,1,1,1,0.0645
0,0,2,0,150.0,1,12,63,1,1,1,1,1,1,1,0.1905
0,0,5,0,200.0,1,1,69,1,1,1,1,1,1,1,0.0145
0,0,0,0,250.0,4,2,51,1,1,1,1,1,1,1,0.0392
0,4,4,2,150.0,1,1,68,1,1,1,1,1,1,1,0.0147
0,4,4,2,150.0,1,5,58,1,1,1,1,1,1,1,0.0862
0,0,2,0,150.0,4,1,31,1,1,0,0,0,1,1,0.0323
0,4,4,2,150.0,4,1,49,1,1,1,1,1,1,1,0.0204
0,4,4,2,150.0,1,6,62,1,1,1,1,1,1,1,0.0968
0,0,4,0,150.0,4,4,60,1,1,1,1,1,1,1,0.0667
0,1,2,0,300.0,6,2,22,1,1,0,1,1,0,1,0.0909
0,0,0,0,150.0,1,5,52,1,1,1,1,1,1,1,0.0962
0,4,4,2,300.0,4,3,54,1,1,1,1,1,1,1,0.0556
0,0,0,0,150.0,1,11,70,1,1,1,1,1,1,1,0.1571
0,4,4,2,300.0,6,4,9,1,1,1,1,1,1,1,0.4444
0,0,0,0,150.0,4,1,55,1,1,1,1,1,1,1,0.0182
0,0,0,0,150.0,1,3,62,1,1,1,1,1,1,1,0.0484
0,1,2,1,150.0,1,1,53,1,1,1,1,1,0,1,0.0189
0,2,0,0,150.0,1,2,58,1,1,1,1,1,1,1,0.0345
0,4,4,2,150.0,4,1,58,1,1,1,1,1,1,1,0.0172
0,4,4,2,150.0,4,3,51,1,1,1,1,1,1,1,0.0588
1,0,4,0,100.0,8,1,45,1,1,1,1,1,1,1,0.0222
0,4,4,2,300.0,4,1,43,1,1,1,1,1,1,1,0.0233
0,0,0,0,150.0,1,3,60,1,1,0,0,0,1,1,0.05
0,1,4,1,200.0,4,3,55,1,1,1,1,1,1,1,0.0545
0,2,0,0,150.0,1,3,56,1,1,1,1,1,1,1,0.0536
0,1,3,0,150.0,4,4,52,1,1,1,1,1,1,1,0.0769
0,0,0,0,150.0,1,5,64,1,1,1,1,1,1,1,0.0781
0,4,4,2,200.0,1,5,61,1,1,1,1,1,1,1,0.082
0,0,0,2,200.0,1,5,61,1,1,1,1,1,1,1,0.082
0,0,0,0,150.0,1,7,55,1,1,1,1,1,1,1,0.1273
0,4,4,2,150.0,1,6,59,1,1,1,1,1,1,1,0.1017
0,0,0,0,150.0,1,6,63,1,1,1,0,0,1,1,0.0952
0,1,2,0,150.0,4,1,57,1,1,1,1,1,1,1,0.0175
0,0,4,0,150.0,1,6,63,1,1,1,1,1,1,1,0.0952
0,0,0,0,150.0,1,5,64,1,1,1,1,1,1,1,0.0781
0,0,3,0,150.0,1,12,63,1,1,1,1,1,1,1,0.1905
0,0,0,0,150.0,4,1,57,1,1,1,0,1,1,1,0.0175
0,0,0,0,150.0,1,4,60,1,1,0,0,0,1,1,0.0667
0,0,4,0,150.0,1,4,60,1,1,1,1,1,1,1,0.0667
0,0,2,0,150.0,1,1,67,1,1,1,1,1,1,1,0.0149
0,4,4,2,300.0,4,3,54,1,1,1,1,1,1,1,0.0556
0,4,4,2,150.0,4,2,57,1,1,1,1,1,1,1,0.0351
0,0,0,0,150.0,1,1,59,1,1,0,0,0,1,1,0.0169
0,0,0,0,150.0,1,3,64,1,1,1,1,1,1,1,0.0469
0,0,2,0,150.0,1,2,60,1,1,1,1,1,1,1,0.0333
0,4,4,2,150.0,1,4,71,1,1,1,1,1,1,1,0.0563
0,0,0,0,150.0,1,1,61,1,1,0,0,0,1,1,0.0164
0,4,4,2,150.0,4,1,58,1,1,1,1,1,1,1,0.0172
0,1,2,0,150.0,1,3,73,1,1,1,1,1,1,1,0.0411
0,1,2,0,150.0,1,3,63,1,1,1,1,1,1,1,0.0476
0,1,2,0,150.0,1,3,62,1,1,1,1,1,1,1,0.0484
0,0,0,0,150.0,1,4,71,1,1,1,0,0,1,1,0.0563
0,0,0,0,150.0,1,4,71,1,1,1,0,0,1,1,0.0563
0,4,4,2,150.0,4,4,52,1,1,1,1,1,1,1,0.0769
0,4,4,0,300.0,4,3,54,1,1,1,1,1,1,1,0.0556
0,1,4,0,200.0,4,1,37,1,1,1,1,1,1,1,0.027
0,1,0,0,150.0,4,1,27,1,1,1,1,1,1,1,0.037
0,1,4,0,300.0,4,1,46,1,1,1,1,1,1,1,0.0217
0,4,4,2,300.0,4,3,54,1,1,1,1,1,1,1,0.0556
0,2,0,0,150.0,1,7,60,1,1,1,1,1,0,1,0.1167
0,1,0,0,150.0,4,1,36,1,1,1,1,1,1,1,0.0278
0,4,4,2,300.0,4,9,51,1,1,1,1,1,1,1,0.1765
0,4,4,2,150.0,1,7,55,1,1,1,1,1,1,1,0.1273
0,4,4,2,450.0,0,1,70,1,1,1,1,1,1,1,0.0143
0,5,4,0,200.0,4,2,47,1,1,1,1,1,1,1,0.0426
0,2,0,0,150.0,1,11,65,1,1,1,1,1,1,1,0.1692
0,4,4,2,150.0,1,7,55,1,1,1,1,1,1,1,0.1273
1,4,4,2,25.0,8,1,20,1,1,1,1,1,1,1,0.05
0,1,2,0,150.0,4,1,33,1,1,1,1,1,1,1,0.0303
0,1,2,1,150.0,1,9,82,1,1,1,1,1,1,1,0.1098
0,1,4,2,200.0,4,1,50,1,1,1,1,1,1,1,0.02
1,4,4,2,13.0,8,1,52,1,1,1,1,1,1,1,0.0192
0,4,4,2,150.0,1,9,62,1,1,1,1,1,1,1,0.1452
0,1,2,0,150.0,1,5,65,1,1,1,1,1,1,1,0.0769
0,4,4,2,150.0,1,1,71,1,1,1,1,1,1,1,0.0141
1,4,4,2,0.0,8,1,26,1,1,1,1,1,1,1,0.0385
1,5,2,0,13.0,8,1,50,1,1,1,1,1,1,1,0.02
0,1,4,1,150.0,4,1,44,1,1,1,1,1,1,1,0.0227
0,1,4,1,150.0,4,1,49,1,1,1,1,1,1,1,0.0204
0,4,4,2,200.0,1,2,69,1,1,1,1,1,1,1,0.029
0,1,4,0,300.0,4,5,54,1,1,1,1,1,1,1,0.0926
0,4,4,2,150.0,4,7,56,1,1,1,1,1,1,1,0.125
0,4,4,2,450.0,4,1,54,1,1,1,1,1,1,1,0.0185
0,4,4,2,150.0,4,4,53,1,1,1,1,1,1,1,0.0755
0,4,4,2,150.0,4,1,36,1,1,1,1,1,1,1,0.0278
0,1,4,1,150.0,4,3,41,1,1,1,1,1,1,1,0.0732
0,1,2,0,150.0,4,4,41,1,1,1,1,1,1,1,0.0976
0,1,2,0,150.0,4,4,53,1,1,1,1,1,1,1,0.0755
0,0,4,0,150.0,1,12,63,1,1,1,1,1,1,1,0.1905
0,4,4,0,200.0,1,1,69,1,1,1,1,1,1,1,0.0145
0,0,4,0,200.0,4,2,56,1,1,1,1,1,1,1,0.0357
0,0,4,0,200.0,4,2,56,1,1,1,1,1,1,1,0.0357
0,4,4,2,150.0,4,4,53,1,1,1,1,1,1,1,0.0755
